interaction_name	raw_probability	sparkle_probability	raw_rank	sparkle_rank	probability_delta
APP_CD74	0.121029956731936	0.0958499096793831	1	1	-0.0251800470525528
MIF_CD74_CXCR4	0.0534627239667683	0.0298462369863827	15	97	-0.0236164869803856
MDK_LRP1	0.0830500950880874	0.062126467422037	2	4	-0.0209236276660504
MDK_SDC1	0.0608275840403399	0.0416664135585411	10	34	-0.0191611704817988
MDK_SDC4	0.071987005893685	0.05335265713066	4	9	-0.018634348763025
COL1A2_CD44	0.0807716244716076	0.0634543317413744	3	3	-0.0173172927302332
COL1A2_SDC4	0.0696668815196793	0.0550073829437995	6	7	-0.0146594985758798
NRG2_ERBB2_ERBB3	0.0215948315673159	0.00777585929115933	152	551	-0.0138189722761566
LAMC1_DAG1	0.057292172134534	0.0444961780078588	13	23	-0.0127959941266751
PTPRM_PTPRM	0.0313412498797497	0.0440847939369715	77	26	0.0127435440572219
COL1A2_SDC1	0.0602001813889005	0.0479895038316145	11	13	-0.0122106775572861
MIF_CD74_CD44	0.0388730667936785	0.0269637082092512	50	129	-0.0119093585844272
DLL4_NOTCH3	0.0505928058807545	0.0387225920857667	20	51	-0.0118702137949879
JAG1_NOTCH2	0.0247527721186025	0.0361109879439149	125	61	0.0113582158253124
JAG1_NOTCH1	0.028335382099963	0.039325942055264	86	47	0.0109905599553011
LAMA5_DAG1	0.0630429468834957	0.0522243863896495	7	11	-0.0108185604938461
DLK1_NOTCH3	0.0430673466581868	0.0324941412161944	35	80	-0.0105732054419925
MPZ_MPZ	0.022095888729481	0.0324969161052807	144	79	0.0104010273757997
COL1A1_CD44	0.0620532096740706	0.05224413201325	8	10	-0.0098090776608206
PECAM1_PECAM1	0.0263365525098962	0.0361079355847129	101	62	0.00977138307481669
JAG2_NOTCH2	0.0218544388879529	0.0314589273873581	148	87	0.00960448849940521
EFNB3_EPHB2	0.0179951264133252	0.027551863257858	205	116	0.00955673684453284
ENTPD1_ADORA1	0.0154832752005854	0.0248963898597988	248	151	0.00941311465921341
DLL1_NOTCH2	0.0221477656485668	0.0315086439648066	142	85	0.0093608783162398
MDK_ALK	0.0370478256195961	0.0277014453381542	55	113	-0.0093463802814419
EFNA4_EPHA4	0.0127110590222914	0.0218080781638253	303	199	0.00909701914153387
CLDN11_CLDN11	0.014760032743609	0.0237255636837272	260	167	0.0089655309401182
NECTIN1_NECTIN3	0.0176903438747914	0.0266235603938468	212.5	135.5	0.00893321651905531
NECTIN3_NECTIN1	0.0176903438747914	0.0266235603938468	212.5	135.5	0.00893321651905531
CD46_JAG1	0.0279280848254706	0.0366628765011828	89	59	0.00873479167571222
HBEGF_EGFR_ERBB2	0.021576760244942	0.0128919418121861	154	367	-0.00868481843275595
COL1A2_ITGA1_ITGB1	0.0404975088066862	0.0319229189330267	44	83	-0.00857458987365952
JAG2_NOTCH1	0.0190171265105634	0.0275509271616943	185	117	0.0085338006511309
NECTIN1_NECTIN4	0.0171997824199209	0.0256564470695098	219	143	0.00845666464958893
EFNA3_EPHA1	0.0220940702215071	0.0303423841828522	145	95	0.00824831396134504
NECTIN3_PVR	0.0142669360578105	0.0224563532025201	268	188	0.00818941714470963
EFNA4_EPHA2	0.0161346724017483	0.0242776830825464	235	161	0.00814301068079806
LAMA5_SV2C	0.0461415083037665	0.0380351174322517	27	54	-0.00810639087151484
HBEGF_ERBB2_ERBB4	0.0218222473495933	0.0137515348124119	149	341	-0.00807071253718138
DLL4_NOTCH2	0.0229189700082172	0.0309743048645354	136	91	0.00805533485631823
EFNB1_EPHA4	0.0191266438126307	0.0271781984637819	182	126	0.00805155465115117
COL1A2_ITGA3_ITGB1	0.0390028043850844	0.030969070029669	48	92	-0.00803373435541547
EFNB3_EPHA4	0.0131467583524594	0.0211597870161679	292	213	0.00801302866370855
COL1A1_SDC4	0.0572882543254595	0.0493999164195363	14	12	-0.00788833790592319
SEMA5B_PLXNA3	0.0258185443108036	0.0337037399788462	106	76	0.0078851956680426
WNT5A_FZD6	0.018187813023422	0.0260328484673008	201	140	0.0078450354438788
SEMA6D_PLXNA1	0.0163225849745846	0.0241653889503439	232	164	0.00784280397575928
EFNB3_EPHB6	0.0267906282201405	0.0344050221226298	99	72	0.00761439390248928
FN1_SDC1	0.0204671221481347	0.0280684167132585	167	110	0.00760129456512378
EFNA3_EPHA2	0.0157227078895697	0.0232577302803948	243	174	0.00753502239082515
ANGPTL4_SDC1	0.0191204612372467	0.0266100938453933	183	137	0.00748963260814666
CNTN1_NRCAM	0.0138392363490292	0.0212345048063336	278	210	0.00739526845730441
FGF18_FGFR1	0.0126140881301161	0.0199381198343147	306	227	0.00732403170419857
GAS6_AXL	0.0199963313686389	0.0273180139897602	173	122	0.00732168262112136
LAMA5_ITGA1_ITGB1	0.031853039536495	0.0245357134096545	73	155	-0.00731732612684051
LAMA2_SV2C	0.0132504146750428	0.0205637528585682	290	222	0.00731333818352547
EFNA4_EPHA1	0.0277850579594749	0.0350941285875631	90	68	0.00730907062808822
LAMA5_ITGA3_ITGB1	0.0316257384930699	0.0243379303628697	75	159	-0.0072878081302002
ESAM_ESAM	0.0239791121701254	0.0311885249746016	131	89	0.00720941280447611
EFNB3_EPHB3	0.0191695631383199	0.0263392957217692	181	138	0.00716973258344925
WNT5A_FZD7	0.0148078885245274	0.0219029360436118	259	197	0.00709504751908447
THBS4_SDC1	0.012724432403983	0.019809298649546	301	230	0.00708486624556293
EFNB1_EPHB2	0.0264549642754152	0.0335317844653137	100	77	0.00707682018989851
SEMA3E_PLXND1	0.0119747931943271	0.0190505251623592	319	242	0.0070757319680321
FGF18_FGFR3	0.0151515877725363	0.0222180638920356	255	194	0.00706647611949924
LAMC3_SV2C	0.0115191990835273	0.018527017880906	332	248	0.00700781879737872
CD99_PILRA	0.0167901875995815	0.0237868543260801	225	166	0.00699666672649858
EFNB2_EPHB3	0.0218997078256507	0.0288337635479413	147	105	0.00693405572229058
PRSS2_F2R	0.0102069225969761	0.0171348932903332	374	270	0.00692797069335705
LAMC3_CD44	0.0163483459439109	0.0232677092559238	231	173	0.00691936331201291
HBEGF_ERBB4	0.0140432999678649	0.0209618396067475	275	215	0.00691853963888261
TNFSF15_TNFRSF25	0.0127419123361521	0.0196361986641894	300	236	0.00689428632803733
EFNB3_EPHB4	0.0251602935568522	0.0320267467025438	114	82	0.00686645314569161
LAMA2_CD44	0.0128981992464303	0.0197003254613296	296	234	0.00680212621489928
SEMA5B_PLXNA1	0.0245021930552498	0.0313035285835759	126	88	0.00680133552832608
WNT5A_FZD1	0.0102678378820315	0.017059909447326	371	273	0.00679207156529453
PRSS2_F2RL3	0.0102560950092133	0.0170211443496441	372	274	0.00676504934043085
MDK_ITGA4_ITGB1	0.0194142133735169	0.0126626737456728	178	375	-0.00675153962784418
SEMA6A_PLXNA2	0.0109330996301007	0.0176608004426905	346	262	0.00672770081258977
ENTPD1_ADORA2A	0.0103757463123111	0.0169729084222834	367	275	0.00659716210997239
CDH5_CDH5	0.0318475625768048	0.0384325903002551	74	52	0.00658502772345029
TGFA_EGFR_ERBB2	0.0190094043849667	0.0124423321856611	186	393	-0.00656707219930564
TNFSF10_TNFRSF10B	0.0152882390086606	0.0218427509336195	251	198	0.00655451192495893
COL6A1_SDC4	0.0503228534387276	0.0438848272986464	21	27	-0.00643802614008123
NCAM1_FGFR1	0.0189640104540195	0.0253359485227146	187	148	0.00637193806869517
WNT5A_FZD3	0.0127139376532153	0.0190831741935032	302	240	0.00636923654028791
SEMA6B_PLXNA2	0.0139104109638038	0.0202769740521731	276	226	0.0063665630883693
CSPG4_ITGA2_ITGB1	0.0142999490338668	0.0206570698447688	267	219	0.00635712081090195
WNT5A_FZD2	0.011036537796626	0.0173886888250247	344	266	0.0063521510283987
HBEGF_EGFR	0.0140572072952897	0.0203672437148238	274	225	0.00631003641953414
CXCL12_ACKR3	0.0247966681545298	0.0310926078781677	123	90	0.00629593972363784
GAS6_MERTK	0.0187245157051921	0.0250137234745645	195	150	0.00628920776937242
LAMA3_SV2C	0.02055785914276	0.0268377780351595	166	131	0.00627991889239951
NECTIN3_TIGIT	0.010007572039816	0.0162859530165688	382	284	0.00627838097675272
MPZ_MPZL1	0.0151899392214397	0.0214625806114199	253	204	0.00627264138998017
COL4A6_SDC1	0.0125182156895411	0.0187555559902028	309	245	0.0062373403006617
PRSS2_F2RL1	0.00942247750597319	0.0156581877362761	402	300	0.0062357102303029
PRSS1_F2RL3	0.0155447936075409	0.0217660324920643	245	200	0.00622123888452345
EFNA1_EPHA4	0.0213654064995649	0.0275754912095055	156	115	0.00621008470994058
ANGPTL4_SDC2	0.0164114296858544	0.0226205515956169	228	183	0.00620912190976244
COL1A1_ITGA3_ITGB1	0.0336655618885587	0.027475025976113	67	121	-0.00619053591244569
LAMC2_SV2C	0.016178000690798	0.0223507015385568	234	190	0.00617270084775878
COL6A2_SDC4	0.0460965527017532	0.0399681553878839	28	42	-0.0061283973138693
LAMA4_SV2C	0.012414701120557	0.018539666422569	312	247	0.00612496530201204
EFNB2_EPHB2	0.0134522334701998	0.0195553997821807	281	237	0.00610316631198089
LAMA1_SV2C	0.014701771897895	0.020804057058883	263	217	0.00610228516098799
DLL1_NOTCH1	0.0124795345917692	0.0185664468388578	310	246	0.00608691224708857
DLL4_NOTCH1	0.0214523939974417	0.0274891127271149	155	120	0.00603671872967315
ANGPTL4_SDC3	0.0210496339094197	0.0270847861623292	161	127	0.00603515225290953
WNT5A_FZD4	0.0124171323920793	0.0184080751956613	311	250	0.005990942803582
COL1A1_ITGA1_ITGB1	0.0360747654444368	0.0301148508605661	58	96	-0.00595991458387063
EFNA5_EPHA2	0.0146880898321146	0.0206454860789993	264	220	0.00595739624688478
THBS1_SDC1	0.0106118833326127	0.0165374027422308	353	281	0.0059255194096181
COL9A3_SDC1	0.0118050326382078	0.0177285597213997	328	259	0.00592352708319199
MIF_ACKR3	0.0490979244308013	0.043179059561395	22	30	-0.00591886486940624
FGF18_FGFR2	0.0202629560869141	0.0261658358966643	169	139	0.00590287980975015
NRXN2_NLGN3	0.0086615836748419	0.0145222280691522	436	322	0.00586064439431026
NRXN3_NLGN3	0.00816976930054216	0.0140303843177917	468	334	0.00586061501724951
MDK_ITGA6_ITGB1	0.026827751962436	0.0209802395655123	98	214	-0.00584751239692364
PVR_TIGIT	0.00793893921840668	0.0137795950623905	476.5	338.5	0.00584065584398385
TIGIT_PVR	0.00793893921840668	0.0137795950623905	476.5	338.5	0.00584065584398385
LAMC2_CD44	0.0199836055495922	0.0258166939320984	174	142	0.00583308838250618
THBS4_SDC4	0.0171242803705015	0.0229316492969264	222	176	0.00580736892642493
EFNA2_EPHA2	0.0097741909186632	0.0155304728525581	389	302	0.00575628193389487
LAMC1_ITGA3_ITGB1	0.0271856619590849	0.0214500230301004	95	206	-0.0057356389289845
FGF17_FGFR1	0.00663497699794463	0.0123671633173366	533	396	0.00573218631939196
LAMC1_CD44	0.0457175939943982	0.039986900553449	30	41	-0.00573069344094914
WNT11_FZD2	0.0155368479139745	0.0212554514088772	247	209	0.00571860349490272
LGALS9_CD44	0.0234020016933922	0.0291111695012425	135	103	0.00570916780785033
RARRES2_CMKLR1	0.0114042362378953	0.0171066501219509	335	271	0.0057024138840556
LAMA5_ITGA9_ITGB1	0.0222790877516839	0.0166147475852215	140	280	-0.00566434016646244
MPZL1_MPZL1	0.0357933353632644	0.0414492375706595	60	36	0.00565590220739502
FGF18_FGFR4	0.00856858177779772	0.0142144857448919	443	330	0.00564590396709418
LAMB3_SV2C	0.0219807682514105	0.0276191778644422	146	114	0.00563840961303171
WNT5A_FZD10	0.0123034347060317	0.0179344726774003	314	257	0.00563103797136863
FGF17_FGFR2	0.00981761323811075	0.0154328053028451	387	306	0.00561519206473431
GAS6_TYRO3	0.0167895126478209	0.022388834166282	226	189	0.00559932151846115
FGF17_FGFR3	0.00892187248914139	0.0145112302045863	420	323	0.00558935771544495
CSF1_CSF1R	0.0103206969427477	0.0158924402950297	368	293	0.00557174335228193
WNT11_FZD4	0.0180923383267471	0.0236410676164326	203	171	0.00554872928968554
PROS1_AXL	0.00968591910135625	0.0152180424461102	392	310	0.00553212334475392
LAMA3_CD44	0.0212855306158275	0.0268161594608422	159	132	0.00553062884501473
WNT5A_MCAM	0.0189210702777482	0.0244414250368292	189	157	0.00552035475908097
LAMC1_ITGA1_ITGB1	0.0261738033233671	0.020657088189951	102	218	-0.00551671513341608
VEGFC_VEGFR3	0.00957468290901261	0.0150697582079226	398	312	0.00549507529891003
SEMA3C_PLXND1	0.0250399097053182	0.0305172558464537	119	94	0.00547734614113551
TGFA_EGFR	0.0116718396388259	0.0170898127214153	329	272	0.00541797308258943
COL9A3_CD44	0.0141368815239236	0.0194866023128885	271	238	0.00534972078896486
LAMA4_CD44	0.0172798394498771	0.0226259245574251	218	182	0.00534608510754802
WNT5A_FZD5	0.0185232709253885	0.0238375854537662	196	165	0.0053143145283777
GDF15_TGFBR2	0.0411786523104051	0.0358643795852423	42	63	-0.00531427272516281
LAMB1_SV2C	0.0144135149529051	0.0197080261612003	266	233	0.00529451120829518
PDGFA_PDGFRB	0.0027496701455654	0.00804123556978745	756	535	0.00529156542422204
EFNA5_EPHB2	0.00864301753505066	0.0139327862300934	438	336	0.00528976869504271
F11R_F11R	0.0699869156418834	0.0752736443860026	5	2	0.00528672874411917
WNT11_FZD3	0.0189142302307972	0.0241697858397016	191	163	0.00525555560890442
EFNA1_EPHA2	0.0309516918221639	0.0362065712458996	79	60	0.00525487942373574
PRSS1_F2R	0.0138699982230416	0.019081136279196	277	241	0.00521113805615432
SEMA4D_CD72	0.0123546347187618	0.0175591454423225	313	264	0.00520451072356069
LAMA1_CD44	0.0177909413788306	0.0229739483862115	209	175	0.00518300700738094
COL1A2_ITGA9_ITGB1	0.0295501422963884	0.0243814441234804	82	158	-0.00516869817290798
EFNA5_EPHA4	0.00863412661650482	0.0137732170531779	439	340	0.00513909043667312
DLK1_NOTCH2	0.0203264019506278	0.0253992461500761	168	147	0.00507284419944829
EFNB2_EPHA4	0.00979480892841045	0.0148479343679021	388	317	0.00505312543949169
COL4A6_CD44	0.014729310004754	0.0197489459031111	262	231	0.00501963589835705
CD99_CD99L2	0.0339890970563144	0.0389975373849511	66	48	0.00500844032863667
AGRN_DAG1	0.0460718009539565	0.0410651349911546	29	38	-0.00500666596280194
COL6A2_SDC1	0.035672680965264	0.0406354480673306	61	40	0.00496276710206665
NRG4_ERBB4	0.00967427700300389	0.0146306173021022	393	320	0.00495634029909832
LAMA1_SV2A	0.00937917569475719	0.0143299440343415	404	328	0.00495076833958427
NECTIN3_NECTIN2	0.0290474319439025	0.0339920309583369	84	74	0.00494459901443441
PTN_SDC2	0.0115103643849209	0.0164104170029428	334	282	0.00490005261802197
WNT11_FZD7	0.0163866774352493	0.0212218418423768	229	211	0.00483516440712749
EFNB1_EPHB3	0.0305016246573844	0.035330989236945	80	67	0.00482936457956069
THBS4_CD36	0.00777053154151906	0.0125896353054591	486	382	0.00481910376394007
PTN_SDC3	0.0109223548817313	0.0157110774251882	347	298	0.00478872254345684
TNXB_SDC1	0.00884269545859259	0.0135862597473358	426	347	0.00474356428874318
JAM3_JAM3	0.00860325872475719	0.0133444009103135	440	352	0.00474114218555629
SEMA3B_NRP1_PLXNA3	0.00827754240217147	0.0130125589461388	462	362	0.00473501654396736
ANGPTL4_CDH11	0.0121731522431709	0.0168728810908712	317	276	0.00469972884770025
LAMC3_ITGA3_ITGB1	0.011261591722233	0.0159526133100531	338	291	0.00469102158782004
LAMA2_DAG1	0.0195559527952583	0.0242307823947924	175	162	0.0046748295995341
MDK_SDC2	0.0474338507904353	0.0427684699437757	25	32	-0.00466538084665957
PDGFC_PDGFRA	0.00255888273807107	0.00721244539676252	782	578	0.00465356265869145
ANGPTL4_CDH5	0.0158124761781209	0.0204622433406905	241	224	0.00464976716256956
PDGFB_PDGFRB	0.00325005466411778	0.00789359449978206	707	546	0.00464353983566428
COL2A1_SDC1	0.013766226273155	0.0184007660071977	279	251	0.0046345397340427
SPP1_CD44	0.0300402251209535	0.0254426124201257	81	146	-0.00459761270082779
SEMA4A_PLXNB1	0.0167946174547622	0.0213874561036712	224	208	0.00459283864890901
EDA_EDAR	0.0077902393866763	0.012369690709657	484	395	0.00457945132298071
COL6A2_ITGAV_ITGB8	0.0171733542936632	0.0217437223411439	220	201	0.00457036804748069
SEMA5A_PLXNA3	0.00835619927076582	0.0129242406501196	454	366	0.0045680413793538
THBS1_CD36	0.00797387824436424	0.0125363669405064	472	385	0.00456248869614215
SEMA5A_PLXNA1	0.0079430637542726	0.0125009950731836	475	390	0.004557931318911
EFNA3_EPHA4	0.00762169038571901	0.0121732101905765	492	402	0.00455151980485751
WNT11_FZD1	0.0107833411608165	0.0153134977868454	351	309	0.00453015662602888
HSPG2_DAG1	0.0247784510337744	0.029306821373078	124	102	0.0045283703393036
LAMA4_SV2A	0.00996378974886026	0.0144804168074633	383	325	0.00451662705860299
CDH2_CDH2	0.0413768265146456	0.0458834560865129	41	19	0.00450662957186729
FN1_CD44	0.0243177763839187	0.0288172823370933	130	106	0.00449950595317459
ADGRE5_CD55	0.0349596080226772	0.0394500617826686	63	45	0.00449045375999139
VEGFC_VEGFR2	0.00764825603325308	0.0121208513020456	490	405	0.00447259526879254
LAMC3_SV2A	0.00662446308635941	0.0110918322684588	535	438	0.00446736918209936
PDGFA_PDGFRA	0.00272721614214754	0.00715771492717621	760	580	0.00443049878502867
LAMB1_CD44	0.0225921779849072	0.0270157316798676	137	128	0.00442355369496035
COL6A1_CD44	0.0612174553380058	0.0568090417958355	9	5	-0.00440841354217034
LAMC2_SV2A	0.00753300147348018	0.0119395894831816	497	411	0.00440658800970141
PDGFB_PDGFRA	0.00280311794029216	0.00719357951380928	750	579	0.00439046157351712
COL2A1_CD44	0.0181092729273189	0.0224843857100853	202	187	0.00437511278276633
WNT11_FZD6	0.0179513928696516	0.0223011376564566	206	192	0.00434974478680498
LAMC3_ITGA2_ITGB1	0.00882949808460417	0.0131759022687961	427	357	0.00434640418419189
IGF2_IGF2R	0.000806824130461548	0.00515057888135858	1088	686	0.00434375475089703
NRG1_ERBB2_ERBB3	0.0142521197760057	0.00990992286285044	269	481	-0.00434219691315523
PROS1_TYRO3	0.00562346173975707	0.00995681464648946	574	475	0.00433335290673238
L1CAM_L1CAM	0.0314178371411441	0.0357316588557681	76	65	0.00431382171462399
LAMB3_CD44	0.0224881387413797	0.0267771264540432	138	134	0.00428898771266351
ENHO_GPR19	0.00593317762296429	0.010214317950655	562	466	0.00428114032769067
LAMA5_ITGA7_ITGB1	0.00922133648587983	0.00494479419165053	411	698	-0.0042765422942293
JAM2_JAM2	0.00849221996753527	0.0127560200691327	448	373	0.00426380010159746
PTN_SDC1	0.00789017844209766	0.0121528672171925	480	404	0.00426268877509481
SEMA3B_NRP1_PLXNA2	0.00789961090968283	0.0121622117782643	479	403	0.0042626008685815
LAMA1_ITGA1_ITGB1	0.0103192484246026	0.0145645893360147	369	321	0.00424534091141212
WNT9A_FZD7_LRP6	0.00873476266386909	0.0129708837463946	432	364	0.00423612108252554
LAMB1_SV2A	0.0112513275545462	0.0154720233231465	339	303	0.00422069576860028
LAMA1_ITGA2_ITGB1	0.00713693742932422	0.0113345693759957	521	428	0.00419763194667146
MDK_NCL	0.0506355880565628	0.0464554483685862	19	17	-0.00418013968797663
COL9A2_CD44	0.0326717417870826	0.0368405725013919	70	57	0.00416883071430921
LAMA3_SV2A	0.0084932066730744	0.0126584575555864	447	376	0.00416525088251197
THBS3_CD47	0.0508045569458011	0.0466520281360023	17	16	-0.0041525288097988
BMP8A_BMPR1B_BMPR2	0.0103014142993429	0.0144303589391084	370	326	0.00412894463976547
TNFSF13B_TNFRSF13C	0.00834760811640661	0.0124642561376507	455	392	0.00411664802124407
LAMA1_ITGAV_ITGB8	0.0094889338806409	0.0135729764346249	400	348	0.00408404255398401
EFNA2_EPHA4	0.00839263130499329	0.0124741518246173	450	391	0.00408152051962397
PRSS1_F2RL1	0.0157889937364582	0.0198586927744888	242	229	0.00406969903803058
PTN_NCL	0.00649990713397782	0.0105682409764756	542	458	0.00406833384249782
IGF2_IGF1R	0.000780704728096116	0.00483836918646532	1097	703	0.0040576644583692
SEMA4D_PLXNB2	0.0390167459399121	0.043053329586088	47	31	0.00403658364617594
COL1A2_ITGA11_ITGB1	0.0118802422165125	0.00786085786134781	322	547	-0.00401938435516473
NAMPT_INSR	0.00880382410069541	0.0128226303834761	429	370	0.00401880628278066
EFNA5_EPHA1	0.0152473563573592	0.0192053387410776	252	239	0.00395798238371837
WNT9A_FZD3_LRP5	0.00919832843290339	0.0131492009380721	412	359	0.0039508725051687
NRG1_ERBB4	0.00679866769613359	0.0107256283914042	528	456	0.00392696069527064
COL4A5_CD44	0.0283659676596682	0.0322729400150147	85	81	0.00390697235534642
APLN_APLNR	0.00689849314847343	0.0108027695486444	526	451	0.00390427640017095
COL1A1_ITGA11_ITGB1	0.011846279440892	0.00795633132528619	326	540	-0.00388994811560578
SEMA4D_PLXNB1	0.0404615780749223	0.0443308202350548	45	24	0.00386924216013251
LAMB2_SV2C	0.0270036104874378	0.0308715130338152	97	93	0.00386790254637746
CD226_NECTIN2	0.00836612156594616	0.0122244260947286	452.5	400.5	0.00385830452878239
NECTIN2_CD226	0.00836612156594616	0.0122244260947286	452.5	400.5	0.00385830452878239
VSIR_IGSF11	0.00733516582443594	0.0111691609077722	512	432	0.00383399508333624
COL1A2_ITGA2_ITGB1	0.0255443272366081	0.0217304639456493	111	202	-0.0038138632909588
LAMA5_CD44	0.0507763779589591	0.046965379831222	18	15	-0.00381099812773707
ADM_CALCRL	0.00924316974446943	0.0130463482136773	410	361	0.00380317846920789
SEMA3C_NRP1_PLXNA3	0.00881612507804454	0.0126182511195558	428	379	0.00380212604151129
NCAM1_NCAM1	0.0418994274699336	0.0456852044146955	39	20	0.00378577694476191
DLL3_NOTCH3	0.0132711845731519	0.00949211388532846	289	495	-0.00377907068782347
PRSS2_PARD3	0.0258925229722194	0.029664457320558	105	100	0.00377193434833853
JAG1_NOTCH3	0.0484090700193266	0.0446460593122455	24	22	-0.00376301070708118
SEMA3D_NRP1_PLXNA3	0.00489598092467926	0.00865525169986053	608	522	0.00375927077518127
COL9A2_SDC1	0.0244127047883942	0.0281708407452158	129	109	0.00375813595682165
COL1A2_GP6	0.0140763447400995	0.0103228746127279	273	464	-0.00375347012737152
SEMA4G_PLXNB2	0.0183233153974138	0.0220694445538145	199	195	0.00374612915640074
SEMA3C_NRP1_PLXNA1	0.00884668668547255	0.0125748695040322	425	383	0.00372818281855962
LAMB3_SV2A	0.00784537991040965	0.0115585396668755	481	421	0.00371315975646588
SEMA3C_NRP1_PLXNA2	0.00899586384216511	0.012700315893968	416	374	0.00370445205180287
LAMA2_SV2A	0.00524680262137502	0.00893832728058508	593	514	0.00369152465921006
COL6A1_ITGAV_ITGB8	0.017753401351382	0.0214433701560314	211	207	0.00368996880464939
LAMA2_ITGA1_ITGB1	0.00891094439734832	0.0125946627122505	422	380	0.00368371831490219
LAMA5_ITGA6_ITGB1	0.0215836150819147	0.0179141577419114	153	258	-0.00366945734000323
NCAM1_L1CAM	0.0260540175947057	0.0297195783848836	103	99	0.00366556079017796
LAMA4_ITGA6_ITGB4	0.00430409834630096	0.00796866985118111	638	538	0.00366457150488016
LAMA2_ITGAV_ITGB8	0.00562244170000718	0.00928148959669404	575	502	0.00365904789668686
SEMA7A_PLXNC1	0.00563161324020007	0.00928773948916089	573	501	0.00365612624896082
LAMB2_SV2A	0.0153665533569959	0.0190192156764418	249	243	0.00365266231944591
C3_C3AR1	0.00889459198533398	0.0125348338491977	423	386	0.00364024186386371
NMB_NMBR	0.00339379030818544	0.00703357332529187	696	585	0.00363978301710643
COL4A6_SDC4	0.0192781573157227	0.0228845793273621	179	178	0.00360642201163942
SEMA4C_PLXNB2	0.0592742296591704	0.0556824791002916	12	6	-0.00359175055887876
LAMC1_ITGA6_ITGB1	0.017786286254429	0.0141950573120905	210	331	-0.00359122894233857
LAMC2_ITGA1_ITGB1	0.0112266785345418	0.0147922004380571	340	318	0.00356552190351528
WNT5A_FZD8	0.00576992012432996	0.00929912680719414	567	499	0.00352920668286418
COL1A1_SDC1	0.045151846932354	0.0416973160289232	31	33	-0.00345453090343077
FGF9_FGFR2	0.00850013803819962	0.0119476869200202	446	409	0.00344754888182061
LAMC3_ITGAV_ITGB8	0.0074958203632988	0.0109160718681662	501	449	0.00342025150486738
LAMB3_ITGA6_ITGB4	0.00497522748390021	0.00839360070189195	605	527	0.00341837321799173
LAMC3_DAG1	0.0191171646022703	0.022509589776649	184	185	0.00339242517437868
VEGFB_VEGFR1	0.00749195295581222	0.0108652724813128	502	450	0.00337331952550057
INHBB_ACVR1B_ACVR2A	0.00769019092627334	0.0110602475340086	488	440	0.00337005660773523
LAMA4_DAG1	0.0235644232709064	0.0269161800472956	133	130	0.00335175677638912
LAMC1_SV2C	0.0373143875990514	0.0339779481734316	53	75	-0.00333643942561974
WNT7A_FZD5_LRP6	0.0161228497283169	0.0127880202909494	236	372	-0.0033348294373675
DSG2_DSC3	0.00660840690874955	0.00993961911675795	536	477	0.0033312122080084
LAMA1_DAG1	0.0221537161239011	0.0254822812565407	141	145	0.00332856513263958
CADM1_CADM1	0.0401966055270469	0.0435213979972655	46	29	0.00332479247021858
VEGFA_VEGFR2	0.0128821237819796	0.016194389450634	297	287	0.00331226566865439
LAMA4_ITGAV_ITGB8	0.00928306148721849	0.0125926185192487	408	381	0.00330955703203024
WNT9A_FZD4_LRP6	0.00813038238621723	0.0114280775730601	471	424	0.00329769518684283
COL4A1_SDC4	0.0427237566953027	0.0394597207775631	37	44	-0.00326403591773962
HC_C5AR1	0.00453142408188778	0.00778824930096817	626	550	0.00325682521908039
NTF3_NTRK2	0.00357215613563627	0.00681683809460163	686	596	0.00324468195896536
THBS1_ITGA3_ITGB1	0.0107977994660271	0.0140179210354792	350	335	0.00322012156945215
VEGFC_VEGFR2R3	0.00464245587566594	0.00785828574595356	617	548	0.00321582987028762
EFNA4_EPHA8	0.00292078172993904	0.00612507882217501	738	634	0.00320429709223597
COL4A2_SDC4	0.0445076374069329	0.041310785908794	32	37	-0.00319685149813898
FGF17_FGFR4	0.00353785931108988	0.00672888532138584	689	603	0.00319102601029597
THBS4_ITGA3_ITGB1	0.00734934689272731	0.0105233458770577	510	459	0.00317399898433038
SEMA3D_NRP1_PLXNA2	0.00452567006438316	0.00768366448538277	627	557	0.00315799442099961
CDH1_KLRG1	0.0164892796680602	0.0196457714202633	227	235	0.00315649175220302
COL6A1_ITGA9_ITGB1	0.019246567489213	0.0160951521455068	180	290	-0.0031514153437062
LAMA2_ITGA3_ITGB1	0.0111271029851134	0.0142648394981751	343	329	0.00313773651306169
ITGA9_ITGB1_VCAM1	0.00732701064052713	0.0104559295542405	513	461	0.00312891891371337
DSC2_DSG2	0.0311878621248776	0.0342907656362174	78	73	0.00310290351133975
LAMC3_ITGA1_ITGB1	0.010531860519906	0.0136245795071945	357	345	0.00309271898728848
FGF9_FGFR3	0.00457848050348072	0.00766786802139993	621	559	0.00308938751791921
THBS1_SDC4	0.017453165885824	0.020529864784786	215	223	0.00307669889896193
COL4A4_CD44	0.00958886309355205	0.0126544632236276	396	377	0.00306560013007554
WNT9A_FZD2_LRP5	0.00423944629559889	0.0073006291197776	642	575	0.00306118282417871
COL4A6_ITGA1_ITGB1	0.00745712456299105	0.0105135331326413	507	460	0.00305640856965022
WNT3_FZD5_LRP5	0.0082785792185301	0.0113326960686879	461	429	0.0030541168501578
WNT9A_FZD6_LRP5	0.00606425511996594	0.00911223357345032	556	508	0.00304797845348437
COL6A2_ITGA1_ITGB1	0.0251976619753982	0.0282448044998357	112	108	0.00304714252443752
LRRC4B_PTPRF	0.0184040799445452	0.0153598059396499	198	307	-0.00304427400489524
LAMA1_ITGA3_ITGB1	0.0105232273659465	0.0135517361946413	358	349	0.00302850882869476
COL4A2_SDC1	0.035387097105102	0.0384017918474932	62	53	0.00301469474239114
LAMA5_ITGAV_ITGB8	0.0216015733497841	0.0246121840374552	151	154	0.00301061068767115
COL2A1_ITGA3_ITGB1	0.0127556958692891	0.0157336578546385	299	297	0.00297796198534946
COL2A1_ITGA2_ITGB1	0.0078157745606662	0.0107842962486421	483	452	0.00296852168797594
LAMA2_ITGA6_ITGB4	0.0030673055429632	0.00601556766482854	722	641	0.00294826212186534
LAMC2_ITGA6_ITGB1	0.00899070570820693	0.0119330732521456	418	412	0.00294236754393871
FN1_ITGAV_ITGB8	0.00874116958763945	0.0116730461924715	430	419	0.00293187660483209
ANGPTL1_ITGA1_ITGB1	0.00555104042612366	0.00847773496466586	580	524	0.00292669453854219
LAMA2_ITGA2_ITGB1	0.00656601508982203	0.00946962854271606	539	496	0.00290361345289403
SEMA3B_NRP1_PLXNA1	0.00526568856336739	0.00816243874558386	592	532	0.00289675018221647
FGF15_FGFR1	0.0025869006226563	0.00548233632565774	777	662	0.00289543570300144
COL4A1_ITGA1_ITGB1	0.0251738069286093	0.0222805142855417	113	193	-0.0028932926430676
WNT3_FZD3_LRP5	0.00554139953148141	0.00842265464638295	581	526	0.00288125511490154
LAMB1_ITGA6_ITGB4	0.00404562072794613	0.00692490933722741	655	591	0.00287928860928128
ANGPTL4_ITGA5_ITGB1	0.00859524967369255	0.0114707010726872	441	423	0.00287545139899466
CD96_NECTIN1	0.00453974025433684	0.00741495010804737	624.5	568.5	0.00287520985371053
NECTIN1_CD96	0.00453974025433684	0.00741495010804737	624.5	568.5	0.00287520985371053
MIF_CD74_CXCR2	0.00390072009799713	0.00102790278880139	660	1123	-0.00287281730919574
COL4A2_ITGA11_ITGB1	0.0084167029189979	0.00554926845810162	449	659	-0.00286743446089628
EDN2_EDNRA	0.00310602731958083	0.00596798523902077	718	643	0.00286195791943994
WNT7A_FZD5_LRP5	0.0115136418678143	0.0143738927097611	333	327	0.0028602508419467
WNT7A_FZD3_LRP5	0.00831878507365736	0.0111588239451807	458	434	0.00284003887152339
LAMA4_ITGA3_ITGB1	0.0134459524505514	0.0162809315449943	282	285	0.0028349790944429
EDN1_EDNRA	0.00412080321201227	0.00694681676962218	648	589	0.00282601355760992
SIGLEC1_SPN	0.00388056677180283	0.00669269218031985	662	608	0.00281212540851703
LAMA3_ITGA1_ITGB1	0.010387897382694	0.0131981172826138	366	356	0.00281021989991979
NRG2_ERBB4	0.00511168495651554	0.00790544448969578	597	545	0.00279375953318024
TNFSF12_TNFRSF12A	0.0209059471019989	0.0236913749161363	163	169	0.00278542781413735
COL6A3_CD44	0.0343274183258032	0.0371032705516545	65	56	0.00277585222585128
LAMB1_ITGA3_ITGB1	0.0155440787569696	0.0183182018245315	246	253	0.0027741230675619
CD86_CD28	0.00317385223121151	0.00593449226918417	709	645	0.00276064003797266
CDH15_CDH15	0.00463390225701756	0.00738940223651277	618	572	0.00275549997949521
THBS2_SDC1	0.00600998847454829	0.00875185302226767	561	521	0.00274186454771937
DLL1_NOTCH3	0.0415508727166102	0.0388138327748185	40	49	-0.00273703994179178
EDN3_EDNRA	0.00506298292404272	0.007793872637653	600	549	0.00273088971361028
WNT5B_FZD2	0.00365697826085933	0.0063669144051837	676	624	0.00270993614432437
LAMA1_ITGA6_ITGB4	0.00371155354511387	0.0064164683721712	671	621	0.00270491482705732
PGF_VEGFR1	0.0050734249372569	0.00775967862263746	598	553	0.00268625368538056
THBS1_CD47	0.0250581150615488	0.0277426912588328	118	112	0.00268457619728402
ANGPTL4_SDC4	0.0248722709245158	0.0275464445412378	122	118	0.00267417361672202
ITGB2_ICAM2	0.00546216919115542	0.00813158142159801	586	533	0.00266941223044259
CXCL11_ACKR3	0.0118182609052349	0.0091739253457056	327	506	-0.00264433555952931
COL9A3_SDC4	0.0185193458717516	0.0211631197568945	197	212	0.00264377388514295
VEGFA_VEGFR1	0.0122152933853236	0.0148577415159157	316	316	0.00264244813059203
IL16_CD4	0.0104176252573754	0.0130529306363031	364	360	0.00263530537892776
LAMA4_ITGA2_ITGB1	0.00874053126134614	0.011366904212649	431	426	0.00262637295130285
EFNA1_EPHA3	0.0070624264863687	0.00968360676843929	522	492	0.00262118028207059
EFNA4_EPHA7	0.00257904134089184	0.00519750251343452	778	684	0.00261846117254268
COL4A1_ITGA11_ITGB1	0.0094854444896665	0.00686873947554404	401	593	-0.00261670501412245
COL6A1_ITGA3_ITGB1	0.0251035009443393	0.0224975092667586	116	186	-0.0026059916775807
IL34_CSF1R	0.00637873989308451	0.00898176106692705	545	512	0.00260302117384254
TNF_TNFRSF1B	0.00348216269841439	0.00607267113444849	692	635	0.0025905084360341
TNXB_SDC4	0.0200046644697423	0.0225812601104861	172	184	0.00257659564074383
WNT10A_FZD3_LRP5	0.00537956792149695	0.0079487884655866	588	541	0.00256922054408965
INHABB_ACVR2B	0.00452550814363384	0.00708225349725355	628	582	0.0025567453536197
LAMC2_DAG1	0.0272573590278953	0.0298079227295224	94	98	0.00255056370162714
THBS3_CD36	0.0189158923962752	0.0214596068012442	190	205	0.00254371440496907
LAMC3_ITGA9_ITGB1	0.0074384284634153	0.00997832950008391	508	474	0.00253990103666861
FGF9_FGFR1	0.00281535272990259	0.00535335688494813	748	671	0.00253800415504554
COL6A1_ITGA11_ITGB1	0.00753963346810177	0.00500969364099437	496	694	-0.0025299398271074
LAMA2_ITGA9_ITGB1	0.00747779419892274	0.0100046015452741	506	471	0.00252680734635135
LAMA1_ITGA9_ITGB1	0.00859231703746918	0.0111165794896785	442	435	0.00252426245220933
SEMA4A_PLXNB2	0.0141020576789374	0.0166194252057765	272	278	0.00251736752683914
FN1_ITGAV_ITGB1	0.00872995557994965	0.0112383175131424	433	431	0.0025083619331927
CTF1_LIFR_IL6ST	0.00507258535608295	0.00757327779212093	599	563	0.00250069243603798
CD226_PVR	0.00273232344619913	0.00523299371175898	757.5	680.5	0.00250067026555985
PVR_CD226	0.00273232344619913	0.00523299371175898	757.5	680.5	0.00250067026555985
COL4A6_ITGA2_ITGB1	0.00355055093137367	0.00604320905575937	688	638	0.0024926581243857
LAMC3_ITGA6_ITGB1	0.00672585967228514	0.0092091933838272	530	503	0.00248333371154206
SEMA3D_NRP1_PLXNA1	0.00370801759100482	0.00618677217495917	673	632	0.00247875458395435
BMP8B_BMPR1A_ACVR2B	0.0064292035821089	0.00890780292719713	543	515	0.00247859934508823
EFNB2_EPHB4	0.0212270768247572	0.023683721357777	160	170	0.00245664453301972
COL1A2_ITGAV_ITGB8	0.0271274458345478	0.0295830700126509	96	101	0.00245562417810308
LAMC1_ITGA9_ITGB1	0.0182305810168405	0.0157802131345657	200	296	-0.00245036788227482
COL1A1_ITGA10_ITGB1	0.0105071980746753	0.0129556108810004	360	365	0.00244841280632506
OCLN_OCLN	0.0513140467948202	0.0537583679466119	16	8	0.00244432115179163
NRG2_ERBB2_ERBB4	0.00828083156094307	0.00583689874434903	460	648	-0.00244393281659403
LAMA4_ITGA6_ITGB1	0.00748003923366511	0.00991783791082402	505	479	0.00243779867715891
LAMB1_ITGAV_ITGB8	0.00866765167408352	0.0111050853524503	435	436	0.00243743367836683
COL9A3_ITGA3_ITGB1	0.00750586805392814	0.00994314256920201	500	476	0.00243727451527386
WNT7A_FZD2_LRP5	0.00497745660591416	0.00741363879434094	604	570	0.00243618218842678
LAMC2_ITGAV_ITGB8	0.0060936155258294	0.00852686377403664	554	523	0.00243324824820724
TNXB_ITGA9_ITGB1	0.00721947841765701	0.00964661218737575	518	493	0.00242713376971874
LAMA4_ITGA1_ITGB1	0.0122497536678938	0.0146725381316963	315	319	0.00242278446380246
COL4A4_SDC1	0.00514361712093517	0.0075568405533305	596	564	0.00241322343239533
WNT11_FZD8	0.0101691257433225	0.0125737267690457	375	384	0.00240460102572323
COL2A1_ITGA9_ITGB1	0.00958833788305875	0.0119764327250521	397	408	0.0023880948419934
COL4A5_SDC1	0.0249239349214818	0.0273014986824251	120	123	0.00237756376094329
LAMC2_ITGA2_ITGB1	0.00695199987213014	0.00929554064117776	525	500	0.00234354076904762
WNT5B_FZD7	0.00385004278573078	0.00619198924866548	663	629	0.00234194646293471
EFNB1_EPHB1	0.00642398991236586	0.00875461290771933	544	520	0.00233062299535346
KLK3_NGFR	0.00297817801750183	0.00527091426429256	734	676	0.00229273624679073
CX3CL1_CX3CR1	0.00492894196309347	0.00721368905476632	606	577	0.00228474709167285
COL4A6_ITGA3_ITGB1	0.00751044989625202	0.0097922676455726	499	486	0.00228181774932058
DLL3_NOTCH1	0.00298115720572162	0.00525180205817032	732	678	0.0022706448524487
IGF2_ITGA6_ITGB4	0.000202025616107599	0.00247106275143479	1308	884	0.00226903713532719
COL4A1_ITGAV_ITGB8	0.0149430557194071	0.0172072279170712	256	269	0.00226417219766411
THBS3_SDC1	0.0295019129149842	0.0317607613635153	83	84	0.00225884844853111
PTN_SDC4	0.0112194315249421	0.013476885816009	341	350	0.00225745429106693
WNT9A_FZD5_LRP5	0.00891388971338001	0.0111639014963564	421	433	0.00225001178297634
THBS2_CD36	0.00474072950401315	0.00699061346708623	614	586	0.00224988396307307
LAMC2_ITGA9_ITGB1	0.00748938531116662	0.00973153942844413	503	490	0.00224215411727751
COL6A1_ITGA1_ITGB1	0.0272799575159394	0.0250405785437724	93	149	-0.00223937897216701
SELL_CD34	0.00242925507232186	0.00466848685961662	799	712	0.00223923178729476
LAMA3_ITGAV_ITGB8	0.00968795973427207	0.0119088306070863	391	413	0.00222087087281421
LAMC2_ITGA3_ITGB1	0.0111931684942649	0.0134074335042205	342	351	0.00221426500995558
F11R_JAM2	0.0101197378339527	0.0123310613662443	376.5	397.5	0.00221132353229155
JAM2_F11R	0.0101197378339527	0.0123310613662443	376.5	397.5	0.00221132353229155
COL4A2_ITGA1_ITGB1	0.0250950933671334	0.0228850329358335	117	177	-0.00221006043129989
LAMB3_ITGA6_ITGB1	0.00959096117170691	0.0117987005879825	395	415	0.00220773941627559
NRXN2_NLGN1	0.00271732477364188	0.00491987886698554	762	699	0.00220255409334366
WNT9A_FZD3_LRP6	0.013601541925081	0.0158028478835802	280	295	0.00220130595849917
EDN3_EDNRB	0.00505545420646733	0.0072426957499402	602	576	0.00218724154347287
LGALS9_HAVCR2	0.00239343688701005	0.00458057811905309	804	717	0.00218714123204304
GRN_SORT1	0.038964107627796	0.036786703431138	49	58	-0.00217740419665799
COL9A3_ITGAV_ITGB8	0.00452191224059225	0.00669390652214222	629	607	0.00217199428154997
COL9A3_ITGA9_ITGB1	0.00426353989925244	0.00643102417732479	641	620	0.00216748427807234
BMP8B_ACVR1_ACVR2B	0.00552864293383285	0.00768826449930295	582	556	0.0021596215654701
WNT9A_FZD6_LRP6	0.00854094610189162	0.0106890845895905	444	457	0.00214813848769883
COL4A1_CD44	0.0438082061539102	0.0416642959019862	33	35	-0.00214391025192393
LAMA2_ITGA6_ITGB1	0.00450199288429652	0.00664304897476227	630	610	0.00214105609046575
COL4A2_GP6	0.00828773062025884	0.0104209308668592	459	462	0.00213320024660031
CD96_PVR	0.00255714024819645	0.00467737221130291	783	711	0.00212023196310646
LAMB1_ITGA2_ITGB1	0.00935959441064079	0.0114784337547555	405	422	0.00211883934411467
WNT3_FZD6_LRP5	0.00461084166572952	0.00672787042463043	619	604	0.00211702875890091
BMP8A_BMPR1A_ACVR2A	0.00329492010239477	0.00540171743943823	705	667	0.00210679733704346
EFNA2_EPHA1	0.0100089039883817	0.0121156667727191	381	406	0.00210676278433742
BMP8B_BMPR1B_BMPR2	0.00754599963025745	0.00964607672293089	493	494	0.00210007709267343
LAMA3_ITGA6_ITGB4	0.00437921987476985	0.00647408274960797	634	617	0.00209486287483812
WNT3_FZD2_LRP5	0.00312945809389495	0.0052233940434745	714	683	0.00209393594957955
SLURP2_CHRNB1	0.00261662348430324	0.00470585540784478	773	710	0.00208923192354154
PTN_ALK	0.00411140915789464	0.0061986092934019	649	628	0.00208720013550726
LAMA4_ITGA9_ITGB1	0.00962162904048221	0.0117039425638885	394	418	0.00208231352340629
LAMB3_ITGA9_ITGB1	0.0104376269701013	0.0125185029905787	363	389	0.0020808760204774
TGFB2_TGFBR1_TGFBR2	0.00590537007096514	0.00798501602210766	564	537	0.00207964595114252
CD99_CD99	0.0366991482886313	0.0387696028131492	57	50	0.00207045452451792
COL1A1_ITGA2_ITGB1	0.0257755511019644	0.0237191654902219	109	168	-0.00205638561174249
WNT5B_FZD3	0.00475837623143324	0.00681417430621438	613	597	0.00205579807478114
TGFB2_ACVR1B_TGFBR2	0.00896048042468436	0.0110023425424618	419	441	0.0020418621177774
BMP8A_BMPR1A_BMPR2	0.00905829436569975	0.0110995071160254	415	437	0.00204121275032563
NECTIN2_TIGIT	0.0207107738246788	0.0227519626031281	164.5	179.5	0.00204118877844928
TIGIT_NECTIN2	0.0207107738246788	0.0227519626031281	164.5	179.5	0.00204118877844928
COL2A1_SDC4	0.0224262579403231	0.0244655487653917	139	156	0.00203929082506862
SEMA3B_NRP1_PLXNA4	0.00361565009960708	0.00565158392724717	679	654	0.00203593382764009
LIF_LIFR_IL6ST	0.00375270844041092	0.00574933076836083	670	650	0.0019966223279499
SPP1_ITGA4_ITGB1	0.00822170571097791	0.0102158119800819	463	465	0.00199410626910395
CD80_CD28	0.0048584939955737	0.00685013533022906	610	594	0.00199164133465536
WNT7A_FZD10_LRP5	0.00719368484194599	0.00918356333697512	519	505	0.00198987849502913
LAMB3_ITGA2_ITGB1	0.0068105740267991	0.00879127173979979	527	518	0.00198069771300069
PDGFD_PDGFRB	0.00123497976426206	0.00320961984816122	974	818	0.00197464008389916
LGALS9_CD45	0.00275831890918087	0.00473232508158619	755	707	0.00197400617240532
LAMA1_ITGA6_ITGB1	0.00796742505992023	0.00993176536520786	473	478	0.00196434030528763
BMP8A_ACVR1_ACVR2B	0.00571315486955828	0.00767508675732146	569	558	0.00196193188776319
TNC_SDC1	0.00417880848893498	0.00614027442160202	647	633	0.00196146593266705
LAMB2_CD44	0.0326622773671073	0.0346108425572011	71	71	0.0019485651900938
WNT6_FZD3_LRP5	0.00337978831799978	0.00531467728943123	698	674	0.00193488897143145
EFNA4_EPHA3	0.00256347799017653	0.00449212248823526	781	722	0.00192864449805873
COL4A5_ITGAV_ITGB8	0.011933660007803	0.0138590275409515	321	337	0.00192536753314849
F11R_JAM3	0.0106068178155022	0.012527808619394	354.5	387.5	0.00192099080389179
JAM3_F11R	0.0106068178155022	0.012527808619394	354.5	387.5	0.00192099080389179
COL4A5_SDC4	0.0327612710681146	0.0346790506064083	69	70	0.00191777953829374
BMP6_BMPR1A_ACVR2B	0.00560875928579047	0.00752537538576431	576	565	0.00191661609997384
EFNA1_EPHA8	0.00630364867287785	0.00821887200177133	549	530	0.00191522332889348
FN1_ITGA3_ITGB1	0.0134278465154265	0.0153283916251523	285	308	0.00190054510972578
COL6A3_ITGA11_ITGB1	0.00726742980700371	0.00536958432302308	515	669	-0.00189784548398063
COL4A5_ITGA2_ITGB1	0.00908293800696537	0.010972868285369	414	442	0.00188993027840363
NRG4_ERBB2_ERBB4	0.0156190028006963	0.0137353610441361	244	342	-0.00188364175656026
COL4A6_ITGAV_ITGB8	0.00505631942158769	0.00693041425312851	601	590	0.00187409483154082
NRG3_ERBB2_ERBB4	0.0030570739228774	0.00118636685234476	726	1097	-0.00187070707053264
LRRC4_NTNG2	0.00172329095849027	0.00358542095735825	885	777	0.00186212999886798
LAMC2_ITGA6_ITGB4	0.00287963131065608	0.00473614247374744	741	706	0.00185651116309136
LAMB1_ITGA1_ITGB1	0.0133081383862454	0.0151525669171459	288	311	0.0018444285309005
LAMA3_ITGA2_ITGB1	0.00628593721032103	0.00812798275408634	552	534	0.00184204554376532
NPPC_NPR2	0.00279420419689767	0.00463154317471916	752	715	0.00183733897782149
SEMA6B_PLXNA4	0.00301401753415712	0.0048436910840884	730	702	0.00182967354993128
SEMA3A_NRP1_PLXNA3	0.00263796891498409	0.00444887939863997	771	725	0.00181091048365588
ANGPTL2_ITGA5_ITGB1	0.00726320034233488	0.00907265289033387	516	509	0.00180945254799899
SEMA6D_PLXNA1_KDR	0.00307957694147067	0.0048835996509223	720	700	0.00180402270945163
COL4A6_ITGA9_ITGB1	0.00566094865074205	0.00745988261587933	571	567	0.00179893396513727
WNT10A_FZD5_LRP5	0.00795733653778248	0.00975621005608937	474	487	0.00179887351830688
WNT3_FZD4_LRP5	0.00364965626695473	0.00544830776334139	677	665	0.00179865149638666
FN1_SDC4	0.0257009961448476	0.0274970134791802	110	119	0.00179601733433267
WNT5B_FZD4	0.00379109672151337	0.00558119669848988	668	658	0.00179009997697652
WNT6_FZD3_LRP6	0.00481876973171408	0.00660720895661853	612	614	0.00178843922490446
SEMA6A_PLXNA4	0.00248051803828607	0.00425491919915503	792	738	0.00177440116086895
WNT7A_FZD10_LRP6	0.0131979788073895	0.0114253373827233	291	425	-0.00177264142466623
COL9A2_GP6	0.00737223467228192	0.00913366812337307	509	507	0.00176143345109115
COL4A5_GP6	0.00520696184086034	0.00696728000027871	594	587	0.00176031815941837
BMP8A_BMPR1B_ACVR2A	0.00338893207398743	0.00514796394278899	697	687	0.00175903186880156
WNT7A_FZD6_LRP5	0.00728978306161319	0.00904819512978496	514	511	0.00175841206817176
LAMA5_ITGA6_ITGB4	0.0106319869364109	0.0123832744496308	352	394	0.00175128751321991
IGF1_IGF1R	0.000399296038269082	0.00214494480281907	1217	919	0.00174564876454999
LAMC2_ITGA7_ITGB1	0.00359143283898409	0.00533705550961777	683	672	0.00174562267063368
COL6A2_ITGA11_ITGB1	0.00777488819203945	0.00603033057762821	485	640	-0.00174455761441124
BMP8B_BMPR1B_ACVR2B	0.00392606568669442	0.00567045636435671	659	652	0.00174439067766229
COL6A3_SDC4	0.0381040146793676	0.0398475937376419	51	43	0.00174357905827426
WNT3_FZD3_LRP6	0.00703511021188206	0.00877346689015624	523	519	0.00173835667827418
COL4A2_ITGA9_ITGB1	0.0202276383171339	0.018497599825807	170	249	-0.00173003849132688
BDNF_NTRK2	0.00161516361546681	0.00334353321165113	913	804	0.00172836959618432
LAMC1_ITGAV_ITGB8	0.0180168565762405	0.0162895318530932	204	283	-0.00172732472314726
VWF_ITGAV_ITGB3	0.00307154615187739	0.00479335560579866	721	704	0.00172180945392128
WNT9A_FZD5_LRP6	0.0105056381158282	0.0122264315654	361	399	0.00172079344957188
WNT3_FZD10_LRP5	0.0060424761704721	0.00774973856548183	559	554	0.00170726239500973
COL4A6_GP6	0.00272984310593123	0.00442938519827589	759	727	0.00169954209234466
LAMC3_ITGA6_ITGB4	0.00177731024274676	0.00347541158826891	878	791	0.00169810134552215
LAMB3_ITGAV_ITGB8	0.00763753474367945	0.00933079976927527	491	498	0.00169326502559582
BMP8A_ACVR1_ACVR2A	0.00397935680478831	0.0056693477175371	657	653	0.00168999091274879
LAMB2_ITGAV_ITGB8	0.0133634393069844	0.0150526277163329	286	314	0.00168918840934847
ENTPD1_ADORA2B	0.00256867650647933	0.00425628881878233	780	737	0.001687612312303
COL6A2_ITGA2_ITGB1	0.0189607197198731	0.0206401171534795	188	221	0.00167939743360642
COL4A1_ITGA10_ITGB1	0.00832250078880698	0.0099997992325535	457	472	0.00167729844374652
INSL3_RXFP1	0.00377296642425633	0.00544711593569123	669	666	0.0016741495114349
COL1A2_ITGA10_ITGB1	0.0115809646134287	0.00991531072414901	331	480	-0.00166565388927969
THBS2_SDC4	0.0119606585941302	0.0136249529796401	320	344	0.00166429438550987
EGF_EGFR	0.00361070799242907	0.00526819744936852	680	677	0.00165748945693944
CALCA_CALCRL	0.00244616146858722	0.00410034955129622	797	752	0.001654188082709
TGFB3_ACVR1B_TGFBR2	0.00350032062776693	0.00515405204566738	691	685	0.00165373141790045
WNT3_FZD1_LRP6	0.00499779226799781	0.00664583607563898	603	609	0.00164804380764117
COL9A3_GP6	0.00300307934574193	0.00465060937573577	731	714	0.00164753002999384
ENTPD1_TMIGD3	0.00180925660300211	0.00344769496107423	872	794	0.00163843835807212
DLK1_NOTCH1	0.0158292147899857	0.017467241756202	240	265	0.00163802696621635
LAMA3_ITGA9_ITGB1	0.00837241791951305	0.010005941118052	451	470	0.00163352319853899
WNT5B_FZD10	0.00432072746426749	0.00595195556941983	637	644	0.00163122810515235
EFNA3_EPHA8	0.00175341312803972	0.00338371746862931	881	798	0.00163030434058959
BMP6_BMPR1B_ACVR2B	0.00336628404788921	0.00499634255654878	701	696	0.00163005850865957
PRSS3_F2RL3	0.00159409994581803	0.00321621546919915	918	817	0.00162211552338111
BMP6_ACVR1_ACVR2B	0.0042284559097077	0.00584351978732341	644	647	0.00161506387761571
COL6A3_ITGA1_ITGB1	0.0213590885315626	0.0197459230002308	157	232	-0.00161316553133173
WNT3_FZD6_LRP6	0.00663412749569048	0.00824498658010685	534	529	0.00161085908441637
WNT5B_FZD6	0.00341865538266002	0.00502059878146968	695	693	0.00160194339880966
FGF3_FGFR2	0.00306313236391146	0.0046629249983888	723	713	0.00159979263447733
WNT6_FZD6_LRP5	0.00254971434608317	0.00414700616964776	784	748	0.00159729182356459
BMP6_BMPR1A_BMPR2	0.00813889365656724	0.00973348386053141	470	488	0.00159459020396417
WNT5B_FZD5	0.0043776561523103	0.00597153557671699	635	642	0.00159387942440669
COL2A1_ITGA1_ITGB1	0.00915412786580787	0.0107453926099302	413	455	0.00159126474412233
NAMPT_ITGA5_ITGB1	0.00634975328292053	0.0079399339955511	547	542	0.00159018071263057
CDH4_CDH4	0.00263197313410504	0.00420865035389684	772	744	0.0015766772197918
BMP8B_ACVR1_ACVR2A	0.00423240837274138	0.00580530507416301	643	649	0.00157289670142163
CD80_CD274	0.00296449407981055	0.00453727426432543	735	719	0.00157278018451487
WNT9A_FZD10_LRP5	0.00487321780291332	0.00644419754209194	609	619	0.00157097973917861
EDN1_EDNRB	0.00246778666211674	0.00403409069055398	794	756	0.00156630402843724
INHBE_ACVR1B_ACVR2B	0.00192717017321042	0.00349315472201546	858	790	0.00156598454880504
LAMC1_ITGA2_ITGB1	0.0174314358262152	0.0158662208339211	216	294	-0.00156521499229419
WNT3_FZD7_LRP5	0.00306079424549185	0.00462459665578976	725	716	0.00156380241029791
DLL3_NOTCH2	0.00247053110019427	0.00403301371961701	793	757	0.00156248261942274
PTPRC_MRC1	0.00265277451120234	0.00420831541809814	769	745	0.0015555409068958
FN1_ITGA5_ITGB1	0.0112949272711978	0.0128488209287342	337	369	0.0015538936575364
CXCL12_CXCR4	0.0378132253888227	0.0393645160621059	52	46	0.00155129067328316
EFNA1_EPHA7	0.00516269479423984	0.00671304407402823	595	605	0.00155034927978838
NRXN3_NLGN1	0.00162028497862064	0.00317021205451721	912	822	0.00154992707589657
SEMA4A_NRP1_PLXNA3	0.0023952177599319	0.00394363543223915	803	762	0.00154841767230724
NPY_NPY2R	0.00126760425307506	0.00281445307495568	967	851	0.00154684882188062
LAMB1_ITGA6_ITGB1	0.00752303043849835	0.0090626724913243	498	510	0.00153964205282595
NRG3_ERBB4	0.00204416477326199	0.00357796611854988	842	779	0.00153380134528789
SEMA3C_NRP1_PLXNA4	0.00248295698378161	0.00400834500603355	790	759	0.00152538802225194
BMP4_BMPR1B_BMPR2	0.00418610672119148	0.00571135712597494	646	651	0.00152525040478346
BMP8A_ACVR1_BMPR2	0.0065020157500741	0.00802583546812603	540	536	0.00152381971805193
WNT9A_FZD4_LRP5	0.00454216188415973	0.00606407569296536	623	636	0.00152191380880562
CDH1_CDH1	0.0437347359503285	0.0452526401387776	34	21	0.00151790418844904
COL2A1_GP6	0.00355659720703673	0.00506280230770919	687	690	0.00150620510067245
EFNB3_EPHB1	0.00139896054044288	0.0028999231858559	946	839	0.00150096264541302
BMP6_ACVR1_BMPR2	0.00583034976074895	0.00730730714575197	565	574	0.00147695738500302
COL4A4_GP6	0.00269829883745582	0.00417087500007406	764	747	0.00147257616261824
WNT9A_FZD1_LRP5	0.0035754775159855	0.00504691071193466	684	692	0.00147143319594916
RELN_ITGA3_ITGB1	0.00527618189797838	0.00674621457207294	591	599	0.00147003267409456
WNT10B_FZD4_LRP6	0.00457508569119888	0.00604311352895063	622	639	0.00146802783775176
WNT3_FZD1_LRP5	0.00291435148124794	0.00437787061236467	739	729	0.00146351913111673
CD22_PTPRC	0.00283293722387624	0.00429555758851466	744.5	733.5	0.00146262036463841
PTPRC_CD22	0.00283293722387624	0.00429555758851466	744.5	733.5	0.00146262036463841
CNTN2_CNTN2	0.00170294371047186	0.00316266770319801	892	823	0.00145972399272615
WNT6_FZD5_LRP6	0.0059173931579714	0.00737677943100819	563	573	0.00145938627303679
INHBB_ACVR1C_ACVR2B	0.0022892726414675	0.00374819461624371	810	770	0.00145892197477621
ALCAM_CD6	0.00180067822141928	0.00325766315874506	874	812.5	0.00145698493732578
CD6_ALCAM	0.00180067822141928	0.00325766315874506	873	812.5	0.00145698493732578
RLN1_RXFP4	0.000946963312614339	0.00240271272857812	1044	888	0.00145574941596378
BMP8A_BMPR1B_ACVR2B	0.00312726207876887	0.0045770751852571	716	718	0.00144981310648822
WNT11_FZD10	0.0257807754992827	0.0272305783521999	108	125	0.00144980285291722
TGFB3_TGFBR1_TGFBR2	0.00351014409765688	0.00495902008380837	690	697	0.00144887598615148
LAMB2_ITGA6_ITGB4	0.00603621116352233	0.00748218279363136	560	566	0.00144597163010903
COL9A2_ITGAV_ITGB8	0.0113600994529664	0.0127981138137274	336	371	0.00143801436076098
WNT3A_FZD7_LRP5	0.000683422203566608	0.00211852664371827	1118	923	0.00143510444015166
BMP8B_BMPR1B_ACVR2A	0.00303503681653961	0.00446881102271403	729	723	0.00143377420617442
LAMA5_ITGA2_ITGB1	0.0195177796460992	0.0180840150229093	176	256	-0.00143376462318992
EFNA3_EPHA7	0.00261162541003598	0.00404490251383802	775	754	0.00143327710380203
COL9A3_ITGA2_ITGB1	0.00264859794758907	0.00408160143620858	770	753	0.00143300348861951
COL6A1_SDC1	0.0423026416953768	0.043729470395559	38	28	0.00142682870018219
BMP8B_BMPR1A_ACVR2A	0.00370996195772772	0.00513648906794851	672	688	0.0014265271102208
POSTN_ITGAV_ITGB5	0.00281659684476938	0.00424131270932486	747	740	0.00142471586455548
COL4A5_ITGA11_ITGB1	0.00491999848668706	0.00349633533888385	607	788	-0.00142366314780321
SEMA7A_ITGB1_ITGA1	0.0102137783312715	0.0116321480143932	373	420	0.00141836968312172
COL1A1_ITGA9_ITGB1	0.0273034702696696	0.0258924572725531	92	141	-0.00141101299711648
COL4A2_ITGA2_ITGB1	0.0176350070368299	0.0162241890607887	214	286	-0.00141081797604117
FGF15_FGFR2	0.00213752689227219	0.00354769998622003	829	784	0.00141017309394783
COL6A1_GP6	0.00899328066930831	0.00758341248749035	417	562	-0.00140986818181796
TGFB3_ACVR1_TGFBR1	0.00405721085686274	0.0054658811574395	654	663	0.00140867030057676
WNT5A_FZD9	0.00198308783359612	0.0033863256999189	850	797	0.00140323786632278
FGF15_FGFR3	0.00214701695422063	0.00355016644626639	826	783	0.00140314949204576
EFNA5_EPHA7	0.00222142389649955	0.00362110688397909	816	775	0.00139968298747954
COL9A2_ITGA2_ITGB1	0.00985269207698832	0.0112513916587135	386	430	0.0013986995817252
COL4A1_GP6	0.00834506222317341	0.00973315150699346	456	489	0.00138808928382005
KITL_KIT	0.00234195428930481	0.00371825644622037	808	774	0.00137630215691556
WNT4_FZD3_LRP6	0.00315179497433742	0.00451876122137413	711	721	0.00136696624703671
WNT5B_FZD1	0.00152816859516542	0.00288516639927346	929	840	0.00135699780410805
WNT6_FZD6_LRP6	0.00484045198249008	0.00618989560550483	611	631	0.00134944362301475
WNT2B_FZD4_LRP5	0.00189298501141105	0.00323724197575255	862	815	0.0013442569643415
FGF3_FGFR1	0.00169097870780916	0.00303136928500248	895	831	0.00134039057719332
COL6A3_ITGA2_ITGB1	0.0142152467237534	0.0155549340864076	270	301	0.00133968736265421
NRG1_ERBB3	0.0100110457530637	0.0113380843922422	380	427	0.0013270386391785
WNT10A_FZD5_LRP6	0.00819393020788078	0.00687196056985841	465	592	-0.00132196963802237
SELE_GLG1	0.00280856541858888	0.00413017819526199	749	750	0.00132161277667311
SEMA3A_NRP1_PLXNA2	0.00193065176485189	0.00325138649436277	857	814	0.00132073472951088
EFNA1_EPHA1	0.0345413147908492	0.0358541906042376	64	64	0.00131287581338838
TGFB1_TGFBR1_TGFBR2	0.00428691332184726	0.00559798158372561	639	657	0.00131106826187836
CCL2_ACKR2	0.00408492859336191	0.00539358959493123	652	668	0.00130866100156932
WNT7A_FZD4_LRP6	0.0104078456868512	0.0117123688706584	365	417	0.0013045231838072
WNT2B_FZD3_LRP5	0.00210718846464501	0.00341038464587585	831	795	0.00130319618123084
IL1B_IL1R2	0.00219392296145757	0.00349448908845729	819	789	0.00130056612699973
COL9A3_ITGA1_ITGB1	0.00754108590973996	0.00883618144647695	495	517	0.001295095536737
COL4A5_ITGA1_ITGB1	0.0148395631391089	0.0161323753053024	258	289	0.0012928121661935
CCL28_CCR10	0.00200582344504319	0.00329763333720064	846	810	0.00129180989215745
BMP8A_BMPR1A_ACVR2B	0.0035736643531574	0.00486280503059057	685	701	0.00128914067743317
SPP1_ITGAV_ITGB5	0.00292961825972946	0.00421835116649688	737	743	0.00128873290676742
LAMB1_DAG1	0.0259598478545206	0.0272471824220472	104	124	0.00128733456752664
LAMA3_ITGA6_ITGB1	0.00813964503536534	0.00942640008555702	469	497	0.00128675505019168
CD34_SELP	0.00251481266938139	0.00379840610117684	787	767	0.00128359343179545
FGF9_FGFR4	0.00169431756106381	0.00297332865901553	893	835	0.00127901109795173
BMP4_BMPR1A_ACVR2B	0.00296421139597802	0.00424281931058775	736	739	0.00127860791460974
WNT3_FZD4_LRP6	0.00650103887187604	0.00776831375324549	541	552	0.00126727488136945
BMP6_BMPR1B_ACVR2A	0.00248179516192638	0.00374478491519181	791	771	0.00126298975326543
TNFSF4_TNFRSF4	0.000937364250569268	0.00219858777128938	1048	912	0.00126122352072011
COL4A2_CD44	0.0429725704897463	0.0442271583717088	36	25	0.00125458788196248
VEGFD_VEGFR2	0.0016537516784325	0.0029077439395847	907	837	0.0012539922611522
COL4A4_SDC4	0.00671741745913186	0.00795808490030288	531	539	0.00124066744117103
SPP1_ITGA9_ITGB1	0.0104821113041135	0.0117224826028252	362	416	0.00124037129871167
CCL4_ACKR2	0.00254389039328078	0.00378340101584921	785	768	0.00123951062256843
THBS2_ITGA3_ITGB1	0.00722750692561144	0.00846134917421393	517	525	0.0012338422486025
LAMC3_ITGA7_ITGB1	0.00227967179341142	0.00351177664590762	811	787	0.0012321048524962
BTC_ERBB2_ERBB4	0.00276625452885947	0.00399631008294241	754	761	0.00123005555408294
GDF5_BMPR1B_BMPR2	0.00381886040726076	0.0050477367701642	665	691	0.00122887636290344
TNFSF13_TNFRSF17	0.00214703142354474	0.00337211189741529	825	800	0.00122508047387054
LAMB3_ITGA1_ITGB1	0.0129452224688657	0.014169788308693	295	332	0.0012245658398273
SLURP2_CHRNG	0.00214333419081294	0.00336385459847389	827	801	0.00122052040766095
BMP4_BMPR1A_ACVR2A	0.00197880704458093	0.00319863885241607	852	819	0.00121983180783514
WNT7A_FZD2_LRP6	0.00695463566441671	0.00816968676144714	524	531	0.00121505109703042
WNT10A_FZD10_LRP5	0.00406427894387419	0.00527490631450898	653	675	0.00121062737063479
BMP8B_BMPR1A_BMPR2	0.0086911687673526	0.00989457149476088	434	482	0.00120340272740828
THY1_ITGAX_ITGB2	0.00776339436326558	0.00896556756067895	487	513	0.00120217319741337
WNT10A_FZD7_LRP5	0.00402835407673374	0.00522923611792779	656	682	0.00120088204119405
WNT6_FZD10_LRP6	0.00719229691432403	0.00838913569895505	520	528	0.00119683878463102
BTC_EGFR	0.00213822314502719	0.00333476435019449	828	806	0.0011965412051673
WNT3A_FZD1_LRP5	0.00078739705300018	0.00198230616194051	1093	941	0.00119490910894033
BMP7_BMPR1B_ACVR2A	0.00865859084051898	0.00985203560510872	437	485	0.00119344476458974
BMP4_BMPR1B_ACVR2A	0.00204509677544851	0.00322132764313689	841	816	0.00117623086768838
SEMA3A_NRP1_PLXNA1	0.00183492927456498	0.00301015398930335	868	832	0.00117522471473837
SLURP2_CHRNE	0.00167899677665321	0.00285319271148785	899	846	0.00117419593483464
COL4A4_ITGA3_ITGB1	0.0031309461266639	0.00430496567333657	713	731	0.00117401954667268
LAMA3_ITGA3_ITGB1	0.0133124813747271	0.014482548299903	287	324	0.00117006692517596
SLURP2_CHRNB4	0.000904789777093023	0.00207365208817824	1058	931	0.00116886231108522
EDA_EDA2R	0.00222193648019432	0.0033819867965507	815	799	0.00116005031635638
CD209_CEACAM1	0.00132107040415607	0.00247878447654204	958	883	0.00115771407238597
WNT7A_FZD7_LRP5	0.00563446307928095	0.00678795625669081	572	598	0.00115349317740985
CADM3_CADM3	0.000677253886630023	0.00182533468627045	1122	972	0.00114808079964043
GAL_GALR2	0.00169006630991909	0.00283792485901278	896	848	0.00114785854909369
COL9A2_SDC4	0.0368683396086358	0.035728698795454	56	66	-0.00113964081318183
BMP7_BMPR1A_BMPR2	0.0238622542823315	0.0227239372696967	132	181	-0.00113831701263474
LAMC1_ITGA7_ITGB1	0.00817119400384428	0.00704115207311405	467	583	-0.00113004193073023
BMP6_ACVR1_ACVR2A	0.00270216639301282	0.00381935793854724	763	766	0.00111719154553442
PSAP_GPR37L1	0.0244869848132655	0.0256004069374177	127	144	0.00111342212415222
WNT10A_FZD6_LRP5	0.00360082115715183	0.00471113285992006	681	709	0.00111031170276822
OSTN_NPR3	0.000943891488151758	0.00205025119051228	1045	936	0.00110635970236052
NGF_NGFR	0.0011304695179898	0.00222475823964902	992	905	0.00109428872165922
NRG1_ERBB2_ERBB4	0.010946154171748	0.00985281366433183	345	484	-0.00109334050741614
WNT3_FZD2_LRP6	0.00436210043918886	0.00545470381890912	636	664	0.00109260337972027
LAMB2_DAG1	0.0359631472546086	0.0348714710856343	59	69	-0.00109167616897431
COL4A1_ITGA9_ITGB1	0.0194296615367942	0.0183454164184882	177	252	-0.00108424511830595
SHH_PTCH1	0.00249037287564135	0.00357062244411398	789	782	0.00108024956847263
WNT10A_FZD3_LRP6	0.00781680793274919	0.00674089788140557	482	601	-0.00107591005134362
WNT7B_FZD5_LRP5	0.00312821141167441	0.0042034183983018	715	746	0.00107520698662739
COL6A3_ITGA10_ITGB1	0.00606904453322191	0.0071436687260222	555	581	0.00107462419280029
WNT10A_FZD4_LRP5	0.00277585081230057	0.00384561476526143	753	765	0.00106976395296086
WNT3_FZD9_LRP5	0.00132667493050244	0.00239140385268188	957	890	0.00106472892217944
CORT_SSTR3	0.00135712924211842	0.00241839596788994	953	886	0.00106126672577152
COMP_CD36	0.00121449495271917	0.00226951475779398	976	904	0.0010550198050748
EFNB2_EPHB1	0.00157176520257894	0.00261611739102637	922	871	0.00104435218844743
SELL_MADCAM1	0.0006991131168988	0.00174335004559736	1114	986	0.00104423692869856
WNT6_FZD4_LRP5	0.00181117204198544	0.00285452684451826	871	845	0.00104335480253282
WNT2B_FZD10_LRP6	0.00444882331988821	0.00548689467191437	631	661	0.00103807135202616
WNT8A_FZD6_LRP6	0.00207588093987399	0.00103814867523912	836	1119	-0.00103773226463487
WNT2B_FZD6_LRP5	0.00208646231781392	0.00312282442951412	834	824	0.0010363621117002
THBS4_CD47	0.0212861204247863	0.0223189869905168	158	191	0.0010328665657305
BMP6_BMPR1A_ACVR2A	0.00325691823393983	0.00428865701992255	706	735	0.00103173878598272
WNT2B_FZD7_LRP5	0.00127202129941117	0.00229192460395224	966	901	0.00101990330454107
BMP7_BMPR1B_BMPR2	0.0171729151813989	0.0161534611222586	221	288	-0.00101945405914028
BMP8B_ACVR1_BMPR2	0.00818815681000408	0.00920721712426142	466	504	0.00101906031425734
COL9A1_CD44	0.00196041221195815	0.00297813006984118	853	834	0.00101771785788303
BAG6_NCR3-PS	0.00171322541779039	0.00272800677168614	889	861	0.00101478135389575
COL6A3_ITGA9_ITGB1	0.0159458743761658	0.0149390916683177	239	315	-0.00100678270784818
WNT7A_FZD1_LRP5	0.00460614697734363	0.00560061460157004	620	656	0.000994467624226412
LAMA3_DAG1	0.0258059386805093	0.0267967145554135	107	133	0.000990775874904155
CCL3_ACKR2	0.00166674956744931	0.00265282310231423	903	865	0.000986073534864921
WNT8A_FZD3_LRP6	0.00224741824421205	0.00126377035154348	814	1081	-0.000983647892668574
WNT11_FZD9	0.00315258373721347	0.004136147023344	710	749	0.000983563286130522
SEMA4A_NRP1_PLXNA2	0.00113720947444471	0.00211506698001277	989	924	0.000977857505568061
VIP_VIPR2	0.00094083862177327	0.00191813535967855	1047	953	0.000977296737905281
FN1_ITGAV_ITGB3	0.00159500735165725	0.00257228911786429	917	874	0.000977281766207042
COL6A3_SDC1	0.0279402826535031	0.028915698036722	88	104	0.000975415383218891
SLURP2_CHRNA10	0.00103537501048689	0.0020093341839348	1016	938	0.000973959173447906
BMP4_BMPR1B_ACVR2B	0.00181642016099725	0.00278320577114318	870	856	0.000966785610145934
WNT4_FZD3_LRP5	0.0016689044482058	0.0026354262151785	902	867	0.000966521766972699
SEMA3D_NRP1_PLXNA4	0.0009717214327108	0.00193232023873531	1037	951	0.000960598806024508
WNT6_FZD10_LRP5	0.00261342567571674	0.00357307079037969	774	780	0.00095964511466295
WNT10A_FZD10_LRP6	0.00889286170407258	0.00793894671476658	424	543	-0.000953914989305998
C3_ITGAX_ITGB2	0.00791577775333886	0.00886896531524483	478	516	0.000953187561905969
WNT11_FZD5	0.020959059084969	0.0219102874323176	162	196	0.00095122834734862
PDYN_OPRL1	0.00132770567824047	0.0022746463730843	956	903	0.00094694069484383
LAMB2_ITGA6_ITGB1	0.0144892571454109	0.015434562704326	265	305	0.000945305558915067
FN1_ITGA4_ITGB1	0.0100263808708079	0.0109700168021991	379	444	0.000943635931391225
WNT9A_FZD7_LRP5	0.00468746632207166	0.00562752727486892	615	655	0.000940060952797256
COL4A4_ITGA1_ITGB1	0.00567874464063081	0.00661763144617351	570	613	0.000938886805542706
ANGPT1_TEK	0.00188912052720281	0.00282529693295597	863	850	0.000936176405753164
CCL14_CCR1	0.00239930611915072	0.0033332121689448	802	807	0.000933906049794084
WNT2B_FZD5_LRP6	0.00767825835104858	0.00674562422019893	489	600	-0.000932634130849656
WNT6_FZD5_LRP5	0.00336661601460587	0.00429895133873483	700	732	0.00093233532412896
COL4A3_CD44	0.00244131856904863	0.00336250771880582	798	802	0.000921189149757182
WNT3_FZD9_LRP6	0.00148320904225045	0.000562427782490903	933	1231	-0.000920781259759552
FGF2_FGFR2	0.00226400201336216	0.00317820504631817	813	821	0.000914203032956005
CDH1_ITGA1_ITGB1	0.010034880278762	0.0109431621755993	378	446	0.000908281896837383
COL4A5_ITGA3_ITGB1	0.0163202641245411	0.0172277833751037	233	268	0.000907519250562608
C3_ITGAM_ITGB2	0.0036276996910759	0.00453406788690665	678	720	0.000906368195830747
PTN_ITGAV_ITGB3	0.000736795126353003	0.00163927882971202	1109	1002	0.000902483703359015
SEMA4A_NRP1_PLXNA1	0.00142865613482691	0.00232955391239207	942	898	0.000900897777565162
WNT7A_FZD4_LRP5	0.00409650107790965	0.00499736096594205	651	695	0.000900859888032399
EDN2_EDNRB	0.00100566608499428	0.00190316386613277	1026	956	0.000897497781138488
WNT2B_FZD5_LRP5	0.0030487390702031	0.00393905021163263	727	763	0.000890311141429535
CCL8_CCR1	0.00220817565099006	0.00309612616484744	817	827	0.000887950513857375
WNT10A_FZD1_LRP5	0.0019527987161551	0.00283954037336421	854	847	0.000886741657209111
CCL5_ACKR2	0.00333643555068481	0.00422312619417502	702	742	0.000886690643490215
WNT4_FZD5_LRP5	0.00241648952753716	0.00330214523602085	801	809	0.000885655708483694
COL4A1_ITGA2_ITGB1	0.0168372067603464	0.0177221833114552	223	260	0.000884976551108783
EFNA2_EPHA8	0.000806391844428337	0.00168600443828672	1089	994	0.000879612593858385
WNT2B_FZD10_LRP5	0.00211392138158344	0.0029935191650485	830	833	0.000879597783465064
CCL3_CCR1	0.00112983095650553	0.00200840272395749	993	939	0.000878571767451959
COMP_SDC4	0.00989229746596124	0.0107633703402186	384	453	0.000871072874257389
WNT2_FZD2_LRP5	0.00123069509887589	0.00209867262599924	975	926	0.000867977527123348
SLURP2_CHRNA7	0.000882691122781255	0.00174763195102992	1065	985	0.000864940828248666
ICAM5_CD209	0.00129024390998225	0.00214875907614152	963	918	0.00085851516615927
WNT10B_FZD3_LRP6	0.00465632808912944	0.00551336766560637	616	660	0.000857039576476927
ICAM2_ITGAM_ITGB2	0.00108709339467647	0.00194327680200199	1001	949	0.000856183407325522
LAMB1_ITGA9_ITGB1	0.00935873818031604	0.0102135619110218	406	467	0.000854823730705783
COL9A2_ITGA3_ITGB1	0.0149063199308554	0.0140524895364658	257	333	-0.000853830394389616
WNT7B_FZD3_LRP6	0.00260157474026472	0.00345511170374956	776	793	0.000853536963484842
LAMB3_DAG1	0.0277743041557003	0.028626950743663	91	107	0.000852646587962767
WNT2_FZD5_LRP6	0.00281969678195988	0.00196927718873011	746	943	-0.000850419593229769
PRSS3_F2R	0.000929756636292829	0.0017760055895317	1052	980	0.000846248953238872
FGF2_FGFR3	0.00171769843127663	0.00256032071879571	887	875	0.000842622287519088
WNT6_FZD2_LRP5	0.00121320477766608	0.00205330603812323	977	935	0.000840101260457145
LAMC3_SV2B	0.000700288644677253	0.0015369638019403	1113	1019	0.000836675157263047
COL2A1_ITGAV_ITGB8	0.00657515793491065	0.00741145170516087	537	571	0.000836293770250221
CCL24_ACKR2	0.0017864511455468	0.00262253109966813	875	869	0.000836079954121324
WNT10A_FZD4_LRP6	0.00427698197286752	0.0051123247304854	640	689	0.000835342757617878
EFNA3_EPHA5	0.000621871923505465	0.00145696626965038	1137	1039	0.000835094346144915
EFNA3_EPHA3	0.000737565350274006	0.00157244810071059	1107	1014	0.000834882750436583
WNT3_FZD10_LRP6	0.00676884249776505	0.0076018374969169	529	560	0.000832994999151848
BMP4_BMPR1A_BMPR2	0.00440366709844253	0.00523628995117279	633	679	0.000832622852730254
BMP6_BMPR1B_BMPR2	0.00551350426233393	0.00634558555239767	584	625	0.000832081290063739
WNT2B_FZD2_LRP5	0.00136834157784703	0.00219916298636201	951	911	0.000830821408514979
LAMA3_ITGA7_ITGB1	0.00257412235702131	0.00340434923535151	779	796	0.000830226878330199
CCL17_ACKR2	0.00183537207535353	0.0026630383566429	867	863	0.000827666281289363
CLEC2D_KLRB1	0.00178292950771402	0.0026105039969152	877	872	0.000827574489201183
COL9A2_ITGA11_ITGB1	0.00441208442698968	0.00358451587851647	632	778	-0.000827568548473204
BMP2_BMPR1A_ACVR2A	0.00178558680929258	0.00260598497187299	876	873	0.000820398162580408
THY1_ITGAM_ITGB2	0.00206880938432352	0.00288399654719449	838	841	0.000815187162870963
LAMB1_ITGA7_ITGB1	0.00272471259346893	0.00353967256369973	761	785	0.000814959970230796
CCL8_ACKR2	0.00174352653931004	0.00255694059266889	884	876	0.000813414053358855
WNT8A_FZD2_LRP6	0.002075895194963	0.00126257750764517	835	1082	-0.000813317687317836
THBS3_ITGA3_ITGB1	0.0216584596987661	0.0208461413340297	150	216	-0.000812318364736376
INHBB_ACVR1C_ACVR2A	0.00107626108241561	0.00188822317168466	1003	959	0.000811962089269058
JAM2_ITGAV_ITGB1	0.000916250076653993	0.0017255932674223	1054	990	0.000809343190768307
LAMA2_ITGA7_ITGB1	0.00141348836082416	0.00222229958384119	945	906	0.000808811223017032
WNT2B_FZD1_LRP6	0.00199143235136221	0.00279908940336571	847	853	0.000807657052003499
GDF5_BMPR1A_ACVR2B	0.00126578447992811	0.00207232272267643	968	932	0.000806538242748327
WNT9A_FZD10_LRP6	0.00853518149156605	0.00772921947134296	445	555	-0.000805962020223094
COL4A3_SDC4	0.00280220986539331	0.00360751524427791	751	776	0.000805305378884594
TGFB2_ACVR1_TGFBR1	0.00560757242232968	0.00641094697901194	577	622	0.000803374556682258
WNT2B_FZD7_LRP6	0.00313532859779028	0.0039365647935855	712	764	0.000801236195795221
SELE_CD44	0.00098702357816545	0.00178611616055172	1033	979	0.000799092582386273
SLURP2_CHRNA5	0.000912504803067466	0.00170895458831822	1055	992	0.000796449785250754
LTA_TNFRSF14	0.00182788620838523	0.00262233936505293	869	870	0.000794453156667704
LAMB1_SV2B	0.00106835637320082	0.0018626719002594	1005	963	0.000794315527058579
COL6A2_CD44	0.0487469830021436	0.0479559107477076	23	14	-0.000791072254436025
WNT3_FZD5_LRP6	0.0118755519246524	0.0110849682886745	323	439	-0.00079058363597787
ANGPTL4_ITGAV_ITGB3	0.0015458187546373	0.00233578154709812	926	897	0.000789962792460821
WNT9A_FZD1_LRP6	0.00551684645013197	0.00472935049221672	583	708	-0.000787495957915255
WNT7B_FZD6_LRP5	0.00197977753863199	0.00276674014428584	851	857	0.000786962605653853
WNT8A_FZD5_LRP6	0.00218391936868027	0.00139700232009234	820	1056	-0.000786917048587924
COL6A2_ITGA3_ITGB1	0.0251044175496268	0.0243182942857293	115	160	-0.00078612326389748
WNT7A_FZD8_LRP5	0.00201758774049686	0.00280305757589795	845	852	0.000785469835401088
WNT4_FZD6_LRP5	0.00133407333635399	0.00211934699014548	955	922	0.000785273653791492
TNFSF14_TNFRSF14	0.00171746427687641	0.00249944623574717	888	881	0.000781981958870767
WNT5B_FZD8	0.0010477161840038	0.00182945435484073	1012	970	0.000781738170836929
WNT2_FZD2_LRP6	0.0019837316507383	0.00276226363242922	849	858	0.000778531981690919
GDF5_BMPR1B_ACVR2A	0.00159624082213054	0.00237124138472796	916	895	0.000775000562597416
INHBE_ACVR1B_ACVR2A	0.00165733640517976	0.00242817516336372	906	885	0.000770838758183963
WNT9A_FZD8_LRP5	0.00163786624698568	0.00240837187825479	909	887	0.000770505631269104
COL6A2_GP6	0.011851724314297	0.0126212308764501	325	378	0.000769506562153096
COL4A4_ITGA9_ITGB1	0.00234375710978268	0.00311178636572892	807	825	0.000768029255946241
GAL_GALR3	0.000662044845583982	0.00142762370847541	1128	1044	0.000765578862891424
PRSS3_F2RL1	0.000812369930537717	0.00157559533670412	1084	1011	0.000763225406166405
SELL_PODXL	0.00558006755411676	0.00634218113280258	579	626	0.000762113578685828
BTC_ERBB4	0.00162218357242166	0.00238334551588248	910	891	0.000761161943460823
WNT7B_FZD3_LRP5	0.00187332588783245	0.00262838058806528	864	868	0.000755054700232828
TNXB_ITGAV_ITGB3	0.000650494863818954	0.00140350460731757	1129	1050	0.000753009743498617
SPP1_ITGAV_ITGB1	0.00927161381411902	0.0100223278709705	409	469	0.000750714056851442
PSAP_GPR37	0.007484387061765	0.00673421094452526	504	602	-0.000750176117239745
WNT6_FZD8_LRP6	0.00139282075126229	0.000643912416869911	948	1213	-0.000748908334392383
COL9A1_SDC1	0.00105538030946999	0.00180421773771422	1011	975	0.00074883742824423
ANXA1_FPR1	0.00629259572286126	0.00703987644082431	551	584	0.000747280717963046
WNT10B_FZD2_LRP5	0.00117127136102563	0.00191445597945334	985	954	0.000743184618427712
WNT4_FZD2_LRP5	0.00106516745047622	0.00180730368874073	1007	974	0.000742136238264502
F2_F2RL3	0.000863592939788305	0.00160293557315076	1074	1006	0.000739342633362453
SEMA4A_NRP1_PLXNA4	0.000632386789100462	0.00137042828476319	1134	1060	0.000738041495662728
LTA_TNFRSF1A	0.00359403978999188	0.00432979495643146	682	730	0.000735755166439588
NPPB_NPR1	0.000759551276304452	0.00149401038318923	1103	1027	0.000734459106884774
WNT7A_FZD8_LRP6	0.00286250264309003	0.00213488013456905	743	921	-0.000727622508520986
JAM2_JAM3	0.000674772059561185	0.00140097520785512	1124.5	1051.5	0.000726203148293937
JAM3_JAM2	0.000674772059561185	0.00140097520785512	1124.5	1051.5	0.000726203148293937
COMP_SDC1	0.00533944438946937	0.00606404412883913	590	637	0.000724599739369765
WNT9B_FZD4_LRP6	0.000942695663023669	0.0002187032982995	1046	1349	-0.000723992364724169
CCL5_CCR1	0.00134396530604579	0.00206652172522377	954	933	0.000722556419177984
THBS1_ITGAV_ITGB3	0.00123671380395835	0.00195901720423449	973	946	0.00072230340027614
IGF1_ITGA6_ITGB4	0.000116567190558508	0.000837359641055702	1361	1166	0.000720792450497194
WNT7B_FZD2_LRP5	0.00136153811350888	0.00207983282956258	952	929	0.000718294716053708
FGF16_FGFR3	0.000833268453944149	0.00155108429666399	1080	1017	0.000717815842719844
DSC2_DSG1	0.00114187004516982	0.00185872228197027	988	964	0.000716852236800447
VWF_ITGA2B_ITGB3	0.00101374863937386	0.00173046380779217	1022	988	0.000716715168418311
BMP7_ACVR1_ACVR2B	0.012628594707688	0.0133403738071102	305	353	0.000711779099422227
WNT2B_FZD3_LRP6	0.00369057740266108	0.00440197583030161	674	728	0.00071139842764053
EFNA2_EPHA5	0.000513153902013369	0.00122432193777486	1172	1090	0.000711168035761488
FGF16_FGFR1	0.000421488891135618	0.00113170450375952	1210	1107	0.000710215612623898
WNT3A_FZD2_LRP5	0.000936599510936506	0.0016465942256516	1049	1001	0.000709994714715093
WNT7B_FZD4_LRP6	0.00177258333498872	0.00247880229934781	879	882	0.000706218964359092
LAMA1_ITGA7_ITGB1	0.00167158483508831	0.00237773211179859	901	893	0.000706147276710286
F2_F2R	0.00148737707645835	0.00219055649847307	932	913	0.000703179422014722
WNT4_FZD4_LRP5	0.00113461838448719	0.00183779668936965	990	967	0.000703178304882455
LAMA4_ITGA7_ITGB1	0.00220144835135316	0.00290007063171226	818	838	0.000698622280359103
COL4A4_ITGA2_ITGB1	0.00215917185930334	0.00285645208896887	823	843	0.000697280229665532
WNT7A_FZD3_LRP6	0.0116142253214763	0.0109232900057097	330	448	-0.000690935315766601
EFNA5_EPHA8	0.000765266711257078	0.00145418566085759	1100	1040	0.000688918949600507
WNT6_FZD1_LRP5	0.00119184711588092	0.00187952478058026	980	960	0.000687677664699341
NMU_NMUR2	0.000878844876318909	0.00156554829042025	1067	1015	0.000686703414101346
IL11_IL11RA_IL6ST	0.00110164527036175	0.00178794005593332	998	978	0.000686294785571566
VEGFD_VEGFR3	0.000780301122912831	0.00146397154702683	1098	1038	0.000683670424113998
LAMB2_ITGA1_ITGB1	0.0189129521290542	0.0182305038247172	192	254	-0.000682448304336974
VEGFD_VEGFR2R3	0.000787697840956964	0.00147001578020294	1092	1035	0.000682317939245975
CLEC2C_KLRB1	0.000966921437427534	0.00164802672726038	1038	1000	0.000681105289832844
NTF3_NTRK1	0.000724103741471934	0.00140087555051389	1111	1053	0.000676771809041959
WNT7A_FZD6_LRP6	0.0125836264353657	0.0119079350898064	308	414	-0.000675691345559323
ITGB2_CD226	0.00113425318452993	0.00180800919387059	991	973	0.000673756009340659
COL2A1_ITGA11_ITGB1	0.00306115075314063	0.00372705554819306	724	773	0.000665904795052433
SHH_PTCH2	0.00184609987987289	0.00251193150246325	865	880	0.000665831622590353
KLK3_NTRK1	0.000748628544833419	0.00141346401708909	1106	1047	0.000664835472255667
PYY_NPY2R	0.000815466121283561	0.00147430901201244	1083	1034	0.00065884289072888
WNT10A_FZD6_LRP6	0.00558634496956469	0.00624133116095728	578	627	0.000654986191392586
WNT8A_FZD3_LRP5	0.00154947867591166	0.00220421536798473	925	909	0.000654736692073064
GDF7_BMPR1A_ACVR2B	0.00143998035708019	0.00209345715399585	939	928	0.000653476796915662
WNT3A_FZD10_LRP5	0.00109688321930646	0.00174923435626651	999	984	0.000652351136960053
TGFB2_ACVR1C_TGFBR2	0.00172044480688708	0.0023715400529991	886	894	0.000651095246112017
WNT6_FZD7_LRP6	0.00287908989557525	0.0035301776236868	742	786	0.000651087728111542
GDF5_BMPR1A_BMPR2	0.00238272205801995	0.00303374585857262	806	830	0.000651023800552669
WNT3A_FZD6_LRP5	0.00104030297383983	0.0016909007342013	1015	993	0.000650597760361465
NMU_NMUR1	0.000997902742396418	0.00164831096805623	1027	999	0.000650408225659816
GDF5_BMPR1B_ACVR2B	0.0017054367431236	0.002354984367237	891	896	0.0006495476241134
COL4A4_ITGAV_ITGB8	0.00124611635496217	0.00189104904428714	971	958	0.000644932689324973
EFNB1_EPHB4	0.0370565365635018	0.0377003788321927	54	55	0.000643842268690895
COL6A3_GP6	0.00605789629082806	0.006700641399282	558	606	0.000642745108453935
GDF9_ACVR1B_BMPR2	0.00380539335018872	0.0044473966400595	666	726	0.000642003289870784
COL4A3_ITGA2_ITGB1	0.00210038818446042	0.00274169620008657	832	860	0.000641308015626148
LAMB2_ITGA2_ITGB1	0.0126054897472684	0.0132463206174455	307	355	0.00064083087017708
WNT7B_FZD10_LRP5	0.00152790209815236	0.00216721686964407	930	915	0.000639314771491705
JAM2_ITGA3_ITGB1	0.00215439607201804	0.0027925890391377	824	855	0.000638192967119659
COL1A1_ITGAV_ITGB8	0.0188486660036429	0.0182126838191222	193	255	-0.000635982184520795
WNT6_FZD7_LRP5	0.00157626092207362	0.00221181776337498	920	908	0.000635556841301358
NTF5_NTRK2	0.000634265502279457	0.00126838568736764	1133	1080	0.00063412018508818
BMP2_BMPR1B_BMPR2	0.00167565409085651	0.00229925872827032	900	900	0.000623604637413819
F2_F2RL1	0.000629995075881189	0.00125337448580383	1135	1085	0.000623379409922638
COL4A5_ITGA10_ITGB1	0.00383373537004165	0.00445231420789163	664	724	0.000618578837849984
EFNA5_EPHA3	0.000405736882082578	0.0010205184949597	1215	1126	0.000614781612877125
ITGA4_ITGB1_VCAM1	0.00166272240506174	0.0022771446526513	905	902	0.000614422247589562
IHH_PTCH1	0.00078285897965654	0.00139513213428931	1096	1057	0.000612273154632765
GDF11_ACVR1B_ACVR2B	0.0130440284463698	0.0136548584021897	294	343	0.000610829955819897
WNT8B_FZD10_LRP6	0.00207449931879132	0.00267629818094757	837	862	0.000601798862156246
INHBB_ACVR1B_ACVR2B	0.00937955110010036	0.00998072760151927	403	473	0.000601176501418908
LEP_LEPR	0.00107424851983621	0.00167506358594977	1004	995	0.000600815066113562
WNT2B_FZD1_LRP5	0.000991958892107645	0.0015905311239201	1032	1009	0.000598572231812454
THBS2_ITGAV_ITGB3	0.00103052514550759	0.00162884001861468	1018	1004	0.000598314873107092
COL4A6_ITGA11_ITGB1	0.00106754677651886	0.0016654378463858	1006	997	0.000597891069866943
WNT10B_FZD3_LRP5	0.00142884792755748	0.00202633198712207	941	937	0.000597484059564587
WNT2B_FZD6_LRP6	0.00344039938535207	0.00403734866824223	693	755	0.000596949282890164
LAMA4_SV2B	0.00127242272939554	0.00186818877441007	965	962	0.000595766045014528
CXCL10_CXCR3	0.00538478287486049	0.00478945735984704	587	705	-0.000595325515013447
WNT7A_FZD1_LRP6	0.00754322342291512	0.00695028534962769	494	588	-0.000592938073287423
COL4A3_SDC1	0.000933045983047314	0.00152429949751025	1050	1021	0.000591253514462936
CCL3_CCR5	0.000899339193121995	0.00149035796523774	1060	1029	0.000591018772115745
F2_PARD3	0.00341971726380622	0.00400330741379806	694	760	0.000583590149991838
IL17B_IL17RB	0.000564715430917417	0.00114607190516132	1150	1102	0.0005813564742439
WNT2_FZD10_LRP5	0.00124869512047237	0.00182783300236377	970	971	0.000579137881891398
COL4A1_SDC1	0.0320409214993051	0.0314626141242099	72	86	-0.000578307375095198
WNT8B_FZD6_LRP5	0.000821159714257943	0.00139862615038047	1082	1055	0.000577466436122528
SLURP2_CHRNA1	0.000720889613765129	0.00129557108253227	1112	1073	0.000574681468767146
AREG_EGFR_ERBB2	0.000952177730539672	0.00152552228513597	1042	1020	0.000573344554596299
IBSP_ITGAV_ITGB5	0.000796046341299322	0.00136830991899711	1090	1061	0.000572263577697788
CCL14_ACKR2	0.000925907594194112	0.00149377621241165	1053	1028	0.000567868618217539
MSTN_ACVR1B_ACVR2B	0.000786564319830794	0.00135170588064731	1094	1064	0.00056514156081652
TGFB1_ACVR1B_TGFBR2	0.00606261899415394	0.0066248320224754	557	612	0.000562213028321465
LAMB2_ITGA9_ITGB1	0.0153539790799712	0.015915542799355	250	292	0.000561563719383802
LAMC1_ITGA6_ITGB4	0.00952911696567026	0.0100897677673684	399	468	0.000560650801698122
WNT10B_FZD2_LRP6	0.001605665452154	0.00216056069142446	915	917	0.000554895239270459
CCL7_CCR1	0.00120336085856902	0.00175508289674068	979	983	0.000551722038171665
WNT8B_FZD3_LRP5	0.00111609839590623	0.00166736719499484	994	996	0.000551268799088618
TGFB1_ACVR1C_TGFBR2	0.000905377940524725	0.00145012217062262	1057	1042	0.000544744230097895
FGF6_FGFR3	0.00117252046232745	0.00171688406427475	984	991	0.000544363601947299
GDF7_BMPR1B_BMPR2	0.00111093365506464	0.00165489599756424	995	998	0.000543962342499604
THBS2_CD47	0.0160779782585592	0.0166157293484684	237	279	0.000537751089909271
L1CAM_ITGAV_ITGB3	0.00166520420234379	0.00220217327360591	904	910	0.000536969071262121
SEMA3A_NRP1_PLXNA4	0.00058802301645523	0.0011226836168357	1145	1109	0.000534660600380468
WNT2_FZD1_LRP5	0.00104143778389644	0.00157519558686476	1014	1013	0.00053375780296832
WNT10A_FZD2_LRP5	0.00154235533981233	0.00207557470700027	928	930	0.000533219367187941
COMP_ITGA3_ITGB1	0.00266133318581946	0.0031888534927373	768	820	0.000527520306917848
WNT10B_FZD1_LRP6	0.00108723277046576	0.000562054153358587	1000	1232	-0.000525178617107175
COL2A1_ITGA10_ITGB1	0.00251508586670429	0.00303867024748363	786	829	0.000523584380779345
WNT6_FZD8_LRP5	0.000379179983770657	0.000902583293387012	1225	1151	0.000523403309616356
EGF_EGFR_ERBB2	0.00630027892165235	0.00682270297054209	550	595	0.000522424048889745
BMP2_BMPR1B_ACVR2A	0.000867128488189078	0.00138600896195922	1073	1058	0.000518880473770137
WNT3A_FZD3_LRP5	0.00099657953478377	0.00151380011524514	1029	1024	0.000517220580461373
THBS3_ITGAV_ITGB3	0.0030452505256802	0.00253240236116061	728	878	-0.000512848164519596
CXCL9_CXCR3	0.000995889838856718	0.00150835667053177	1030	1025	0.000512466831675051
COL4A3_ITGAV_ITGB8	0.0014360618738123	0.00194841713739106	940	947	0.000512355263578756
ANGPTL2_TLR4	0.00103435910497424	0.00154298070223815	1017	1018	0.000508621597263907
BMP7_ACVR1_ACVR2A	0.0098905038715469	0.0103991032585152	385	463	0.000508599386968338
WNT7B_FZD1_LRP5	0.00110439754733133	0.00160990157595665	997	1005	0.000505504028625318
NPY_GPR83	0.000648352228474604	0.00115307015876249	1130	1100	0.000504717930287887
FASL_FAS	0.000525842611654085	0.00102847232771842	1165	1122	0.000502629716064332
WNT2B_FZD8_LRP5	0.000563425466248195	0.00106341441322404	1151	1118	0.000499988946975845
WNT4_FZD7_LRP5	0.000984532108280993	0.00148417651143583	1034	1030	0.000499644403154832
THBS4_ITGAV_ITGB3	0.000522951458257773	0.00102193711853443	1166	1125	0.00049898566027666
SELPLG_SELL	0.00102818649522	0.00152147836977977	1019	1022	0.00049329187455977
INSL3_RXFP4	0.000825968653203017	0.00131912251657187	1081	1070	0.000493153863368855
WNT9B_FZD4_LRP5	0.000890062167863907	0.00040197945702071	1063	1284	-0.000488082710843197
WNT10B_FZD6_LRP5	0.000877811117837484	0.00136510734962561	1068	1062	0.000487296231788124
BMP2_BMPR1B_ACVR2B	0.00075647615430999	0.00124322462513875	1104	1087	0.00048674847082876
FGF2_FGFR1	0.000616249963146247	0.00110250307080179	1139	1110	0.000486253107655541
LAMB3_SV2B	0.00101662873368241	0.00150148773968452	1021	1026	0.000484859006002109
COL4A3_ITGA3_ITGB1	0.00145654888607892	0.00193972557325059	936	950	0.000483176687171674
CCL4_CCR5	0.000994244076472723	0.00147558601731201	1031	1033	0.000481341940839285
CCL16_ACKR1	0.00151810932118079	0.00199678353407329	931	940	0.0004786742128925
SLURP2_CHRNA9	0.000453640711503635	0.000929497110535035	1195	1143	0.0004758563990314
EFNA4_EPHA5	0.000443825186152618	0.000911788412072362	1202	1148	0.000467963225919745
WNT3_FZD7_LRP6	0.00572370701241181	0.00619144487098523	568	630	0.000467737858573423
WNT10B_FZD8_LRP5	0.000518029568864121	0.000985153035132912	1168	1131	0.000467123466268791
ADM_CALCR	0.000872390953917252	0.0013381981048848	1070	1066	0.000465807150967544
INHBA_ACVR1B_ACVR2A	0.000679534463876627	0.00114518479981156	1120	1103	0.000465650335934932
CCL26_ACKR2	0.000609371754425091	0.00107430228253872	1142	1115	0.00046493052811363
WNT3_FZD8_LRP5	0.000958609179505115	0.00142310725563504	1039	1045	0.000464498076129929
FN1_ITGAV_ITGB6	0.000602282731709802	0.00106475984784112	1143	1117	0.000462477116131316
COL6A3_ITGA3_ITGB1	0.0221415560949936	0.021683451020522	143	203	-0.000458105074471617
LAMC2_SV2B	0.000638672227621372	0.00109519003087561	1132	1111	0.000456517803254235
WNT10B_FZD5_LRP5	0.000996840219516032	0.00145176612163487	1028	1041	0.000454925902118839
JAM3_ITGAM_ITGB2	0.000690992701096972	0.00114460211717287	1116	1104	0.000453609416075902
COL4A3_ITGA9_ITGB1	0.00206406146702397	0.00251761212789214	839	879	0.000453550660868176
WNT9B_FZD5_LRP6	0.00147549882036903	0.00192787994682799	935	952	0.000452381126458959
XCL1_XCR1	0.000446868120579274	0.000898344461658124	1197	1152	0.00045147634107885
MSTN_ACVR1B_ACVR2A	0.000485366405676175	0.000935463393910501	1183	1142	0.000450096988234326
WNT2_FZD7_LRP5	0.000886858133944153	0.00133407066436644	1064	1067	0.000447212530422282
LAMA2_SV2B	0.000566166970853536	0.00101280241648245	1148	1127	0.00044663544562891
GZMA_PARD3	0.00291288937754572	0.00335603819272626	740	803	0.000443148815180539
PRSS1_PARD3	0.0329165928916756	0.0333596326731571	68	78	0.000443039781481545
WNT2_FZD3_LRP5	0.000847033345324089	0.00128803466153043	1078	1076	0.000441001316206341
PRL_PRLR	0.000498003135617139	0.000938873118246389	1177	1139	0.00044086998262925
SLURP2_CHRNA6	0.000444428893859085	0.000881948757251144	1201	1155	0.000437519863392059
CD70_CD27	0.000489691741471106	0.000925674924984557	1182	1144	0.000435983183513451
LAMA5_SV2B	0.0021607320161824	0.00172563818518549	822	989	-0.000435093830996912
WNT7B_FZD4_LRP5	0.000908422400747373	0.00134190815666746	1056	1065	0.000433485755920089
CTSG_F2RL3	0.000463111705531155	0.000896278210801121	1192	1153	0.000433166505269967
POMC_MC1R	0.000407943046634533	0.000839558131868072	1214	1165	0.00043161508523354
COL4A3_ITGA1_ITGB1	0.00195228423367938	0.00238233169693274	856	892	0.000430047463253356
TNXB_ITGAV_ITGB6	0.000510747481411585	0.000936052895945617	1173	1141	0.000425305414534032
WNT7A_FZD7_LRP6	0.0105150540335565	0.0109397425342711	359	447	0.000424688500714608
INHBA_ACVR1B_ACVR2B	0.000668355946061354	0.00109284396352963	1127	1112	0.000424488017468277
TGFB3_ACVR1C_TGFBR2	0.000836289213474137	0.0012579494624757	1079	1083	0.000421660249001564
CD80_CTLA4	0.00141607098322903	0.00183732979607238	944	968	0.000421258812843352
LAMA1_SV2B	0.000490969620419871	0.000911787724522359	1180	1149	0.000420818104102488
TGFB1_ACVR1_TGFBR1	0.00332478975511248	0.00374398398045632	703	772	0.000419194225343832
FGF15_FGFR4	0.000266876077547162	0.000685423762372513	1263	1203	0.000418547684825351
DSPP_ITGAV_ITGB1	0.000518578606100474	0.000937013448257543	1167	1140	0.000418434842157069
PYY_GPR83	0.000495212628639822	0.000913615904270279	1178	1147	0.000418403275630457
COL9A1_ITGA1_ITGB1	0.00076165232485922	0.00117478297904261	1102	1098	0.000413130654183386
WNT7B_FZD7_LRP5	0.000871250715435944	0.00128435487901331	1071	1077	0.000413104163577369
WNT3A_FZD4_LRP5	0.000788683949582328	0.00120078382745443	1091	1095	0.000412099877872102
CLEC2B_KLRB1	0.000624954220005744	0.00103511179412081	1136	1121	0.000410157574115065
WNT2_FZD3_LRP6	0.00268886225612158	0.00309740981089655	767	826	0.000408547554774965
WNT7B_FZD7_LRP6	0.00198538244620614	0.00239359774271845	848	889	0.000408215296512313
CCL25_CCR9	0.000421073097412518	0.000828446214427058	1211	1172	0.00040737311701454
WNT4_FZD10_LRP5	0.0016891777088406	0.00209626323338286	897	927	0.000407085524542257
WNT6_FZD2_LRP6	0.00245000812735983	0.00285644113356613	796	844	0.000406433006206294
TNC_ITGA9_ITGB1	0.00106419600302237	0.00146948705719209	1008	1037	0.000405291054169726
WNT4_FZD2_LRP6	0.00175537067644087	0.00216061764280578	880	916	0.000405246966364918
SST_SSTR3	0.000424415601602281	0.000829299896607922	1208	1171	0.000404884295005641
WNT5B_FZD9	0.000321032456037173	0.000725735165202005	1247	1195	0.000404702709164832
WNT7A_FZD9_LRP5	0.00115874605155618	0.00156305705803174	987	1016	0.000404311006475562
SPP1_ITGAV_ITGB6	0.00162034524287946	0.00121633016038667	911	1092	-0.000404015082492786
SLURP1_CHRNG	0.000381978804259462	0.000785900737649843	1224	1184	0.000403921933390381
PDYN_OPRK1	0.000422104101350266	0.000824599805208893	1209	1174	0.000402495703858627
FGF6_FGFR1	0.000472872756172377	0.000874706973098161	1187	1158	0.000401834216925784
WNT3A_FZD5_LRP6	0.00154244284604	0.00194390790502104	927	948	0.000401465058981039
WNT9A_FZD9_LRP6	0.00145195580975744	0.00185109566123923	937	965	0.000399139851481788
WNT8A_FZD10_LRP5	0.00139877905174698	0.00179434497704368	947	976	0.000395565925296704
WNT8B_FZD2_LRP5	0.000680993726182458	0.00107627628289226	1119	1114	0.000395282556709798
BMP7_BMPR1B_ACVR2B	0.00929644777423713	0.00968921500119562	407	491	0.000392767226958496
BTC_EGFR_ERBB2	0.00337353712562389	0.00376337238204695	699	769	0.000389835256423061
WNT2_FZD6_LRP5	0.00104562471871377	0.00143462584494971	1013	1043	0.000389001126235942
DHH_PTCH1	0.000869886753541711	0.00125725941803526	1072	1084	0.000387372664493551
WNT7B_FZD10_LRP6	0.00245070623089855	0.00283710171167029	795	849	0.00038639548077174
FN1_ITGA2B_ITGB3	0.000614653663610595	0.000997502481999672	1141	1130	0.000382848818389077
CCL23_CCR1	0.000330498700144092	0.000709607615289889	1242	1201	0.000379108915145796
GDF7_BMPR1B_ACVR2B	0.000565161638981306	0.000939665354587953	1149	1138	0.000374503715606647
WNT4_FZD4_LRP6	0.0021730569586928	0.00254735071290055	821	877	0.000374293754207752
BMP2_BMPR1A_BMPR2	0.00238792068406334	0.00275824413717105	805	859	0.000370323453107704
FGF16_FGFR2	0.000551411690416549	0.000920401052258478	1153	1145	0.000368989361841928
CCL7_ACKR2	0.000849327451162585	0.00121299567382516	1077	1093	0.000363668222662573
WNT7B_FZD1_LRP6	0.00269583280609028	0.00305937771756003	766	828	0.000363544911469752
WNT9B_FZD8_LRP6	0.00024262742096182	0.000605737781519924	1275	1220	0.000363110360558104
LAMC1_SV2B	0.00195270092872494	0.00158971730583157	855	1010	-0.000362983622893366
WNT2_FZD5_LRP5	0.0013761183103368	0.0017373181520755	949	987	0.000361199841738696
POSTN_ITGAV_ITGB3	0.000474379721495337	0.000832837162928197	1186	1169	0.00035845744143286
COL4A6_ITGA10_ITGB1	0.000559713726247011	0.000917753142753746	1152	1146	0.000358039416506734
SLURP2_CHRNA3	0.00032183000974881	0.000679710498608686	1246	1205	0.000357880488859877
COL9A3_ITGA10_ITGB1	0.00106361641307127	0.00142122918550522	1009	1046	0.000357612772433944
WNT3A_FZD8_LRP5	0.000507112955252062	0.000863521560391501	1175	1159	0.000356408605139439
FGF7_FGFR2	0.00102560917580066	0.00138112600223762	1020	1059	0.000355516826436959
WNT4_FZD1_LRP5	0.000683910953639162	0.00103812490606712	1117	1120	0.000354213952427954
WNT10B_FZD6_LRP6	0.00131994359962129	0.000974357469684982	959	1134	-0.000345586129936306
WNT7B_FZD5_LRP6	0.00330002099294329	0.00295455656687879	704	836	-0.000345464426064499
WNT10B_FZD10_LRP5	0.000949866123228765	0.00129341504151939	1043	1075	0.000343548918290627
FGF6_FGFR2	0.000478384427569385	0.000820901364309698	1185	1176	0.000342516936740313
TNFSF13B_TNFRSF17	0.000517857291167464	0.000859708089394363	1170	1161	0.000341850798226899
C3_CR2	0.000881301009885597	0.00122304094164612	1066	1091	0.000341739931760524
WNT4_FZD7_LRP6	0.00231651917753203	0.00197492838788405	809	942	-0.000341590789647975
WNT9A_FZD8_LRP6	0.00298109310192406	0.00332159242517369	733	808	0.000340499323249633
CCK_CCKBR	0.000466699761991928	0.000806603264498614	1189	1179	0.000339903502506686
PRSS1_F2RL2	0.000737230805895553	0.0010770264797717	1108	1113	0.000339795673876144
WNT2_FZD4_LRP5	0.00080935837535747	0.00114825026038744	1085	1101	0.00033889188502997
NRG2_ERBB3	0.0160159054740985	0.0156771923804232	238	299	-0.000338713093675298
CLCF1_CNTFR_LIFR	0.00389421520009842	0.00423198619162078	661	741	0.000337770991522361
CCL5_CCR5	0.000445358065100278	0.00078217856830524	1199	1186	0.000336820503204961
BMP2_BMPR1A_ACVR2B	0.000898461823622701	0.00123466357707281	1061	1089	0.000336201753450107
CCL13_CCR1	0.000377366851285045	0.000713546043632156	1227	1198	0.000336179192347111
WNT10A_FZD1_LRP6	0.00380093163919764	0.0034650571113671	667	792	-0.000335874527830537
COL6A1_ITGA10_ITGB1	0.00630780060327297	0.00664023364870939	548	611	0.000332433045436423
PRSS2_F2RL2	0.000546192820837791	0.000878178746927771	1158	1156	0.000331985926089981
THPO_MPL	0.000216518955079232	0.000544169926230341	1295	1238	0.000327650971151109
SEMA3D_NRP2_PLXNA3	0.000580765064116463	0.000908309306886784	1147	1150	0.000327544242770321
COL9A1_ITGAV_ITGB8	0.000437509203267229	0.000764828472961854	1205	1191	0.000327319269694625
WNT4_FZD1_LRP6	0.00144054070143109	0.00176557109566559	938	982	0.000325030394234497
GDF6_BMPR1A_ACVR2B	0.000324550655597825	0	1245	1429.5	-0.000324550655597825
EFNA1_EPHA5	0.00101121113259978	0.001334038124559	1024	1068	0.000322826991959224
EPGN_EGFR	0.000454070744826638	0.000774769318679255	1194	1187	0.000320698573852618
CCL22_ACKR2	0.000955856733404722	0.0012757630780344	1040	1078	0.000319906344629673
WNT8B_FZD7_LRP6	0.00147724833442498	0.00115756408152886	934	1099	-0.000319684252896121
WNT4_FZD10_LRP6	0.00318496091521494	0.00286655756292292	708	842	-0.000318403352292019
NEGR1_NEGR1	0.000976595251120932	0.00129432462329908	1035	1074	0.000317729372178145
CXCL11_CXCR3	0.00189719497166885	0.00221467411609545	860	907	0.000317479144426601
WNT8A_FZD5_LRP5	0.00108350686525066	0.00139968163773922	1002	1054	0.000316174772488558
WNT2B_FZD8_LRP6	0.0013152998423231	0.0016310679466916	960	1003	0.000315768104368509
WNT8B_FZD1_LRP6	0.00117100794923254	0.000855858436433901	986	1163	-0.000315149512798643
WNT8A_FZD7_LRP5	0.000953403818805817	0.00126845939407491	1041	1079	0.000315055575269094
COL4A2_ITGAV_ITGB8	0.0163771681116614	0.0166899644003815	230	277	0.000312796288720048
EFNA5_EPHA5	0.000356764702404516	0.000668951348019734	1233	1209	0.000312186645615218
TAC1_TACR2	0.000298909154080167	0.000609572503271423	1251	1218	0.000310663349191256
LAMB3_ITGA3_ITGB1	0.0147458373301281	0.0150551591124548	261	313	0.000309321782326649
GDF10_ACVR1B_ACVR2A	0.000548434897516018	0.00085702850108061	1154	1162	0.000308593603564592
WNT8A_FZD1_LRP5	0.000465157492168483	0.000773372424757913	1191	1188	0.00030821493258943
JAM1_ITGAL_ITGB2	0.000808500668918067	0.000505067402747417	1087	1251	-0.00030343326617065
DSC1_DSG2	0.0151685210728937	0.0154717819095247	254	304	0.000303260836630964
WNT8B_FZD1_LRP5	0.000529749209980081	0.000832346375484834	1162	1170	0.000302597165504753
WNT4_FZD8_LRP5	0.000517976465077455	0.000820566605080602	1169	1177	0.000302590140003147
WNT8B_FZD2_LRP6	0.000548101124743856	0.000246947362504152	1155	1334	-0.000301153762239704
WNT9A_FZD2_LRP6	0.00820826275379834	0.00790870083309377	464	544	-0.000299561920704565
LAMC1_SV2A	0.0244697848200456	0.0247664115192105	128	153	0.000296626699164897
WNT3_FZD8_LRP6	0.00161497231142034	0.00131903684891532	914	1071	-0.000295935462505026
POMC_OPRL1	0.000205691847979008	0.000495171584631293	1306	1253	0.000289479736652285
WNT8A_FZD2_LRP5	0.000854794900761956	0.00114422947772032	1076	1105	0.000289434576958365
INHBE_ACVR1C_ACVR2A	0.000386892877473945	0.00067519130920867	1222	1207	0.000288298431734725
SLURP2_CHRND	0.000281211254744828	0.000568252061335857	1257	1228	0.000287040806591029
TNXB_ITGA2B_ITGB3	0.000257525002877735	0.000543436599047386	1270	1239	0.000285911596169651
OSM_OSMR_IL6ST	0.000696307483195968	0.00098185044389517	1115	1132	0.000285542960699203
CSF3_CSF3R	0.000378758329561949	0.000662864820504008	1226	1211	0.000284106490942059
CXCL13_CXCR3	0.000397959638461957	0.000681302500898448	1218	1204	0.000283342862436492
CTSG_PARD3	0.00131451667218195	0.00159622443122765	961	1007	0.000281707759045698
WNT7B_FZD2_LRP6	0.00167924231906371	0.0019602307006628	898	945	0.000280988381599091
SLURP1_CHRNA5	0.000307912679691964	0.000588595593133492	1250	1224	0.000280682913441528
CXCL10_ACKR1	0.000673639151272601	0.000954112487914146	1126	1137	0.000280473336641545
CALCB_CALCRL	0.00023118987889844	0.000511657832813971	1285	1249	0.000280467953915531
SEMA6D_PLXNA1_TREM2	0.00120379537034589	0.00148263096005726	978	1031	0.000278835589711375
TNR_SDC1	0.000326211189173768	0.000601769323298394	1244	1221	0.000275558134124625
WNT2_FZD4_LRP6	0.00204673623465247	0.00232177856722899	840	899	0.000275042332576519
FN1_ITGA4_ITGB7	0.000507641031728649	0.000782402653891857	1174	1185	0.000274761622163208
WNT8B_FZD10_LRP5	0.000528041196842993	0.000799514807642269	1164	1180	0.000271473610799276
TNC_ITGAV_ITGB6	0.000240531796463998	0.000511867702377501	1280	1248	0.000271335905913503
CCL3L3_CCR1	0.000444441178153803	0.000711513811586312	1200	1199	0.000267072633432508
GZMA_F2RL1	0.000295607334714134	0.000559839268919507	1252	1233	0.000264231934205372
CCL2_CCR2	0.000458963766051681	0.00072048679830634	1193	1197	0.000261523032254658
VTN_ITGAV_ITGB8	0.000529345345100988	0.000790485267412789	1163	1182	0.000261139922311801
FGF8_FGFR3	0.000365904618676349	0.000626893585301322	1230	1217	0.000260988966624974
TNN_SDC4	0.00170765725460424	0.00196669372638099	890	944	0.000259036471776752
PTHLH_PTH1R	0.000295544355590006	0.000552195850482698	1253	1235	0.000256651494892692
FGF6_FGFR4	0.00021156736388169	0.000467401268361096	1300	1266	0.000255833904479406
WNT3A_FZD3_LRP6	0.00126413439479557	0.00151710939383566	969	1023	0.000252974999040097
COL4A2_ITGA10_ITGB1	0.0073481104347277	0.00760097957136475	511	561	0.000252869136637049
WNT10B_FZD10_LRP6	0.00164965455720237	0.00190089872093789	908	957	0.000251244163735521
CCL13_ACKR2	0.000340401196623598	0.000591527570265208	1238	1223	0.00025112637364161
WNT9B_FZD5_LRP5	0.000440036561993886	0.000691034977989497	1203	1202	0.000250998415995611
FGF22_FGFR2	0.000328970185829449	0.000579079374393933	1243	1225	0.000250109188564484
VTN_ITGAV_ITGB5	0.000162629201519025	0.000410673567177742	1325	1282	0.000248044365658717
WNT2B_FZD2_LRP6	0.00189383174112803	0.00214164734067436	861	920	0.000247815599546324
CCL25_ACKR4	0.000225976135242818	0.000473396620729781	1288	1259	0.000247420485486963
WNT10A_FZD7_LRP6	0.00665515367100547	0.00640797522231587	532	623	-0.000247178448689591
GAL_GALR1	0.000227880035175197	0.00047443149465707	1286	1258	0.000246551459481873
WNT10B_FZD7_LRP5	0.000731275991879392	0.000976822399811321	1110	1133	0.000245546407931929
TNC_SDC4	0.00627525608795578	0.00651905288544628	553	616	0.000243796797490497
CTSG_F2RL1	0.000225597150480465	0.000469326953925934	1289	1265	0.000243729803445469
OSM_LIFR_IL6ST	0.000467774681046357	0.000709817779030439	1188	1200	0.000242043097984082
GZMA_F2RL3	0.000255994676097909	0.000497697897244927	1271	1252	0.000241703221147018
WNT8B_FZD6_LRP6	0.00123924037366399	0.00099860731169401	972	1129	-0.000240633061969977
NGF_NTRK1	0.000275709684690847	0.00051628252703431	1259	1243	0.000240572842343464
VTN_ITGAV_ITGB1	0.000546779822230517	0.000786654725513847	1157	1183	0.000239874903283329
WNT3A_FZD5_LRP5	0.000620973923489351	0.000860715674238152	1138	1160	0.000239741750748801
COL4A4_ITGA10_ITGB1	0.000332772379425787	0.000571508588357468	1241	1226	0.000238736208931681
INSL5_RXFP4	0.00023812914399483	0.000476776355185348	1281	1256	0.000238647211190517
TNN_SDC1	0.000309020461571553	0.000547130697908066	1248	1237	0.000238110236336514
COL9A1_SDC4	0.00241849859696555	0.00265596852962897	800	864	0.000237469932663416
BMP7_ACVR1_BMPR2	0.0178762994350322	0.0176398284533032	208	263	-0.000236470981728968
COMP_ITGAV_ITGB3	0.000391677098646948	0.000628111252278864	1220	1215	0.000236434153631916
WNT8B_FZD4_LRP6	0.00100907922766234	0.00124288571857583	1025	1088	0.000233806490913494
AREG_EGFR	0.000614839721550534	0.000848422302197389	1140	1164	0.000233582580646855
FGF2_FGFR4	0.000289679214889544	0.000522355717791542	1255	1241	0.000232676502901998
WNT3A_FZD8_LRP6	0.000389203408647348	0.000158396880267533	1221	1374	-0.000230806528379816
WNT9B_FZD10_LRP6	0.000339067526699336	0.000568890812134239	1239	1227	0.000229823285434903
COL9A1_ITGA3_ITGB1	0.000903814871888714	0.00113361834085962	1059	1106	0.000229803468970906
FGF8_FGFR2	0.000541759799319431	0.000768534035945328	1159	1190	0.000226774236625897
WNT10B_FZD4_LRP5	0.000516877476838241	0.00074288473855	1171	1194	0.000226007261711759
COL9A2_ITGA9_ITGB1	0.0118589498522527	0.0120847925805058	324	407	0.000225842728253052
COL6A1_ITGA2_ITGB1	0.0178969847865314	0.0176720830330433	207	261	-0.000224901753488094
FGF1_FGFR3	0.000248386396391675	0.00047215315619427	1273	1263	0.000223766759802595
TNFSF14_LTBR	0.00311329476213169	0.00333535269781674	717	805	0.000222057935685055
WNT9B_FZD6_LRP6	0.000594681282166081	0.000816347870946013	1144	1178	0.000221666588779933
WNT9A_FZD9_LRP5	0.000375403622603531	0.000596971581558312	1229	1222	0.000221567958954781
WNT2_FZD1_LRP6	0.00155556629967583	0.0013340302663951	923	1069	-0.000221536033280727
CD40LG_ITGAM_ITGB2	0.000537769752812114	0.000758598699663479	1160	1192	0.000220828946851366
KISS1_KISS1R	0.000240774554217364	0.000461151784481767	1277	1268	0.000220377230264403
WNT2_FZD8_LRP6	0.000751856786864995	0.000970582744964589	1105	1135	0.000218725958099594
WNT8B_FZD7_LRP5	0.000534155738092637	0.000752160946564066	1161	1193	0.000218005208471429
WNT9B_FZD2_LRP5	0.000240675511320257	0.000457004507385517	1278	1269	0.00021632899606526
BMP7_BMPR1A_ACVR2B	0.012162583990266	0.0119466844429494	318	410	-0.000215899547316599
LTA_TNFRSF1B	0.000181772553003551	0.000394322342786206	1318	1287	0.000212549789782655
NRG1_ITGAV_ITGB3	0.000227337542655743	0.000439840340170712	1287	1273	0.000212502797514969
WNT9B_FZD3_LRP5	0.000260680889493585	0.000473183171418624	1268	1260	0.000212502281925039
INSL5_RXFP3	0.000352014816221744	0.0005640597290935	1235	1229	0.000212044912871756
SLURP2_CHRNB2	0.000240601178568115	0.000451862344798654	1279	1271	0.000211261166230539
INS_INSSR	0.00020825841538738	0.000416270951546154	1305	1279	0.000208012536158775
IL13_IL13RA1	0.000286163904707596	0.000491512875212373	1256	1254	0.000205348970504777
GRP_GRPR	0.000267625280350916	0.000472596482808887	1262	1262	0.00020497120245797
GDF11_TGFBR1_ACVR2A	0.0105454824655537	0.0107475601672657	356	454	0.000202077701712053
POMC_OPRK1	0.000225581890135798	0.000426651487986426	1290	1277	0.000201069597850627
CXCL16_CXCR6	0.000872729727369522	0.00107365326022095	1069	1116	0.000200923532851425
INSL5_RXFP1	0.000144954598330962	0.000345149885057765	1335	1303	0.000200195286726803
JAG2_NOTCH3	0.046462062344083	0.0462627713117485	26	18	-0.0001992910323345
CTSG_F2R	0.000198331283413454	0.000396651149714218	1310	1285	0.000198319866300764
COL1A1_GP6	0.0127909604081625	0.0129882584350006	298	363	0.00019729802683811
WNT9B_FZD2_LRP6	0.000677957965302989	0.000875098734665843	1121	1157	0.000197140769362854
FGF21_FGFR1	0.000213677275063616	0.000410012431385352	1299	1283	0.000196335156321736
FGF4_FGFR2	0.000266448097957346	0.000462503854537685	1265	1267	0.000196055756580339
WNT9B_FZD10_LRP5	0.000279864705827895	0.000475795369338548	1258	1257	0.000195930663510653
WNT3A_FZD1_LRP6	0.000762375157830261	0.000956850606074464	1101	1136	0.000194475448244203
LAMB2_ITGA7_ITGB1	0.00551021173892812	0.005317360323893	585	673	-0.000192851415035123
LAMA3_SV2B	0.000481935945714698	0.000671838668688987	1184	1208	0.000189902722974289
WNT2_FZD9_LRP5	0.000129465781121207	0.000319210664983149	1350	1305	0.000189744883861941
LAMB2_ITGA3_ITGB1	0.020054476569037	0.0198660614528405	171	228	-0.000188415116196539
FGF1_FGFR2	0.000197417087302725	0.000385333560816433	1311	1289	0.000187916473513708
WNT8A_FZD7_LRP6	0.00202022204470929	0.00183238098039963	844	969	-0.000187841064309665
GHRH_VIPR2	0.000173151523961206	0.00036079404629589	1323	1299	0.000187642522334684
TNFSF18_TNFRSF18	0.000231571585932637	0.000418871636864439	1284	1278	0.000187300050931802
EFNA2_EPHA7	0.000362194456558151	0.000548749964862407	1231	1236	0.000186555508304256
SPP1_ITGA5_ITGB1	0.00970648446462839	0.00989288598604419	390	483	0.000186401521415795
WNT10B_FZD5_LRP6	0.00159106326796199	0.0014047251022251	919	1049	-0.000186338165736884
VIP_VIPR1	0.000123068864099075	0.000305595374404832	1358	1312	0.000182526510305758
WNT6_FZD9_LRP6	0.000358625155276726	0.000177441339778926	1232	1365	-0.0001811838154978
TNC_ITGA2B_ITGB3	0.000266641220712003	0.000447595653838596	1264	1272	0.000180954433126593
WNT8B_FZD5_LRP6	0.00169132494195707	0.00187169943685992	894	961	0.000180374494902858
OXT_OXTR	0.000215286091800275	0.000395447678454998	1297	1286	0.000180161586654723
WNT8A_FZD6_LRP5	0.000499055586742345	0.000677072164071104	1176	1206	0.000178016577328759
UCN_CRHR1	0.000274121625797549	0.000452044087428276	1261	1270	0.000177922461630727
WNT8A_FZD1_LRP6	0.000976256368912013	0.000798624677868618	1036	1181	-0.000177631691043394
TNC_ITGAV_ITGB3	0.000645481430960418	0.000821835593617706	1131	1175	0.000176354162657288
COL6A3_ITGAV_ITGB8	0.0127021166732901	0.0128782417741985	304	368	0.000176125100908357
COL9A2_ITGA10_ITGB1	0.00310434650479317	0.00327899041577938	719	811	0.000174643910986205
WNT7B_FZD9_LRP5	0.000192152551503413	0.000365964535533129	1312	1297	0.000173811984029717
MSTN_TGFBR1_ACVR2B	0.000259864080119676	0.000431657370776872	1269	1276	0.000171793290657196
INHBC_ACVR1B_ACVR2B	0.000391910687882557	0.00056363674346059	1219	1230	0.000171726055578033
CD274_PDCD1	0.000215398082388295	0.000386951946169345	1296	1288	0.00017155386378105
NRXN3_NLGN2	0.000145209891639813	0.000316201268040838	1334	1308	0.000170991376401025
CCL13_ACKR4	0.000111442174360992	0.000282054401415924	1367	1317	0.000170612227054932
WNT3A_FZD2_LRP6	0.00131117839060586	0.00148075067245138	962	1032	0.000169572281845526
GZMA_F2R	0.000185610147980515	0.000355160667178055	1316	1300	0.000169550519197539
WNT9B_FZD1_LRP6	0.000346109076547427	0.000515482162312349	1237	1245	0.000169373085764922
WNT10B_FZD8_LRP6	0.000408824026199141	0.000240261120081208	1213	1337	-0.000168562906117934
TNN_ITGA9_ITGB1	0.000248104684976904	0.000415191503832905	1274	1280	0.000167086818856001
CNTN2_L1CAM	0.000217621291337172	0.000380768481295879	1294	1292	0.000163147189958706
COL6A5_SDC4	0.000445981832480237	0.000608499180471054	1198	1219	0.000162517347990817
WNT7B_FZD8_LRP5	0.000202417919838846	0.000364507196413034	1307	1298	0.000162089276574188
COL9A1_ITGA9_ITGB1	0.00030901794318232	0.000470675594325614	1249	1264	0.000161657651143294
WNT8A_FZD4_LRP5	0.000465989466441378	0.000627003348579269	1190	1216	0.000161013882137891
TNR_SDC4	0.000494785230694967	0.000654836791116192	1179	1212	0.000160051560421225
FGF8_FGFR1	0.000187907980916156	0.000347860861124512	1314	1302	0.000159952880208356
TNF_TNFRSF1A	0.0134310146913803	0.0135906155350038	283	346	0.000159600843623417
WNT7A_FZD9_LRP6	0.00226728720250159	0.00211116460985265	812	925	-0.000156122592648931
WNT6_FZD4_LRP6	0.00395130582787481	0.00410727918138247	658	751	0.000155973353507655
SLURP1_CHRNB1	0.000218586656958851	0.000373538167961832	1293	1295	0.000154951511002981
COL4A3_GP6	0.0002239588513514	0.000377541073423733	1291	1294	0.000153582222072333
WNT1_FZD1_LRP6	0.000153183432049623	0	1328	1429.5	-0.000153183432049623
NRXN2_NLGN2	0.000124109094533589	0.000274509894350938	1355	1320	0.000150400799817349
INHBE_ACVR1C_ACVR2B	0.000134608527330491	0.000284906052865668	1345	1315	0.000150297525535177
WNT4_FZD6_LRP6	0.00249924191253714	0.00264771127659559	788	866	0.000148469364058457
VEGFA_VEGFR1R2	0.0057860311926704	0.0059325331596771	566	646	0.000146501967006699
THBS3_SDC4	0.0407574679267281	0.0409011803565188	43	39	0.0001437124297907
GDF7_BMPR1B_ACVR2A	0.000237285340013676	0.000380864146563381	1283	1291	0.000143578806549705
WNT3A_FZD4_LRP6	0.00106163456311565	0.00120489536448508	1010	1094	0.000143260801369431
WNT8B_FZD5_LRP5	0.000580811315468338	0.000723384170542235	1146	1196	0.000142572855073898
COMP_CD47	0.0108294893558305	0.0109711552884249	349	443	0.000141665932594343
IL6_IL6R_IL6ST	0.000382441858305905	0.000520443594122044	1223	1242	0.000138001735816138
WNT10A_FZD8_LRP5	0.000377356799612528	0.000515169254988116	1228	1246	0.000137812455375588
CCL18_ACKR1	0.000348147400166206	0.000485840813646028	1236	1255	0.000137693413479822
WNT9B_FZD6_LRP5	0.000275629461124925	0.000412530734527716	1260	1281	0.000136901273402792
WNT1_FZD4_LRP6	0.000136481831661868	0	1343	1429.5	-0.000136481831661868
WNT8B_FZD8_LRP5	0.000250206139901499	0.000385184015253918	1272	1290	0.000134977875352419
WNT9B_FZD8_LRP5	0.000105523475633849	0.00024038228616383	1371	1336	0.00013485881052998
FGF4_FGFR3	0.000179337794429675	0.000309895219960894	1320	1311	0.000130557425531219
WNT3A_FZD7_LRP6	0.000897714184578806	0.00102743828011672	1062	1124	0.000129724095537914
WNT1_FZD8_LRP5	9.27566541318509e-05	0.000222407165776794	1382	1346	0.000129650511644943
FGF1_FGFR4	8.45180136429665e-05	0.00021209852075554	1388	1352	0.000127580507112573
WNT1_FZD7_LRP5	0.000138820393747299	0.000264640972581338	1340	1325	0.000125820578834038
COL4A4_ITGA11_ITGB1	0.000220364589594171	0.000344494526184022	1292	1304	0.000124129936589851
RETN_CAP1	0.000131311149180172	0.000254304092347368	1348	1329	0.000122992943167196
WNT2_FZD8_LRP5	0.000150767311293489	0.000272942561870519	1329	1322	0.00012217525057703
AGT_AGTR1B	0.000132997342668034	0.000254968336343171	1347	1328	0.000121970993675137
COL9A1_ITGA2_ITGB1	0.000547622628963362	0.000668462806292756	1156	1210	0.000120840177329394
FGF7_FGFR1	0.000105034365143346	0.000225866471072847	1372	1344	0.000120832105929501
WNT8A_FZD8_LRP5	0.000131196560528293	0.000251184288861837	1349	1332	0.000119987728333544
LAMB2_SV2B	0.00101143601240472	0.00113073696241425	1023	1108	0.000119300950009534
WNT1_FZD10_LRP5	0.000115635406966643	0.000234935372353131	1362	1341	0.000119299965386488
LAMA5_SV2A	0.0279483807712569	0.0280674625737065	87	111	0.000119081802449662
COL4A5_ITGA9_ITGB1	0.0134290496379473	0.0133099765261536	284	354	-0.000119073111793733
NPPA_NPR1	0.000174644188476908	0.000291623889372553	1322	1314	0.000116979700895646
IFNG_IFNGR1_IFNGR2	0.00118164950011898	0.0012979514351101	983	1072	0.00011630193499112
NRTN_GFRA2	0.000140373331241704	0.000256569024927109	1337	1326	0.000116195693685405
BMP15_BMPR1B_BMPR2	0.000200388218917371	0.0003146968868094	1309	1310	0.000114308667892029
EREG_ERBB4	9.00885857097871e-05	0.000203522551514924	1384	1354	0.000113433965805137
COL6A5_SDC1	0.000237355482943339	0.000350162914584326	1282	1301	0.000112807431640986
COL6A5_CD44	0.000266386259909606	0.000377735399575507	1266	1293	0.000111349139665901
EREG_EGFR	0.000109679513368504	0.000220920987842463	1368	1348	0.000111241474473959
EREG_EGFR_ERBB2	0.000190826797261834	0.000301082638050999	1313	1313	0.000110255840789165
COL9A1_GP6	0.000162575238728702	0.000272535127900466	1326	1323	0.000109959889171765
WNT10A_FZD8_LRP6	0.000785865075287484	0.000894821423868039	1095	1154	0.000108956348580555
INHBABB_ACVR1B_ACVR2B	0.000108494400836455	0	1369	1429.5	-0.000108494400836455
MSTN_TGFBR1_ACVR2A	0.00013532809631397	0.00024355820837688	1344	1335	0.00010823011206291
LAMB3_ITGA7_ITGB1	0.00367922827100968	0.00357199600730766	675	781	-0.000107232263702028
WNT9B_FZD7_LRP6	0.000932425410210197	0.000825692538185349	1051	1173	-0.000106732872024848
SEMA3F_NRP2_PLXNA3	0.000333127086123996	0.000438930092984704	1240	1274	0.000105803006860707
ANXA1_FPR2	0.00111002815236987	0.00100471233833928	996	1128	-0.000105315814030585
WNT1_FZD10_LRP6	0.000148394481697231	0.000252820893635271	1332	1331	0.00010442641193804
WNT8B_FZD4_LRP5	0.00021107071982222	0.000314967894346603	1302	1309	0.000103897174524383
IAPP_CALCRL	0.00014997675983014	0.000253833868836971	1330	1330	0.000103857109006831
WNT7B_FZD8_LRP6	0.000429657227518656	0.000532764688427518	1207	1240	0.000103107460908862
COL6A2_ITGA10_ITGB1	0.00635621380615936	0.00645911985975694	546	618	0.000102906053597574
CORT_SSTR2	8.54148915892633e-05	0.00018781678846122	1386	1362	0.000102401896871957
BMP5_ACVR1_BMPR2	0.000452205418952146	0.000554295676278673	1196	1234	0.000102090257326527
WNT9B_FZD7_LRP5	0.000165851149525551	0.000267626699428685	1324	1324	0.000101775549903134
CCL27_CCR2	0.00013446413905848	0.000236199446921287	1346	1340	0.000101735307862807
WNT2B_FZD4_LRP6	0.00411018236185443	0.00400903288530056	650	758	-0.000101149476553864
CCL28_CCR3	0.000418691599968876	0.000515974812299738	1212	1244	9.72832123308627e-05
WNT7B_FZD6_LRP6	0.00269785226522369	0.00279493004814245	765	854	9.7077782918759e-05
FGF4_FGFR4	0.000102224190652365	0.000199254242258543	1374	1357	9.70300516061776e-05
BTLA_TNFRSF14	0.00011518821426414	0.000212210932530745	1363	1351	9.70227182666048e-05
SEMA3B_NRP2_PLXNA3	0.000128965647037108	0.000225468811335988	1351	1345	9.65031642988802e-05
FGF16_FGFR4	7.94424327336532e-05	0.000175339368725484	1394	1366	9.58969359918311e-05
SLURP1_CHRNB4	6.75601743057297e-05	0.000159712190497098	1402	1373	9.21520161913683e-05
IGF2_ITGAV_ITGB3	2.20408990737174e-05	0.000113633851911716	1429	1398	9.15929528379985e-05
BMP7_BMPR1A_ACVR2A	0.0108712088713695	0.0109626191052246	348	445	9.14102338551125e-05
FGF4_FGFR1	0.000124013831839156	0.000214722975580143	1356	1350	9.07091437409876e-05
WNT1_FZD3_LRP5	9.99001851677859e-05	0.000189334292177091	1375	1361	8.94341070093047e-05
CCL15_CCR1	0.000147300012939964	0.000236643594361184	1333	1338	8.93435814212201e-05
WNT3A_FZD9_LRP6	8.93245435976121e-05	0	1385	1429.5	-8.93245435976121e-05
WNT3A_FZD6_LRP6	0.0012724781914269	0.00136151999439573	964	1063	8.9041802968831e-05
CCL27_CCR10	0.000111744652459286	0.000200710259210201	1366	1356	8.89656067509153e-05
RLN3_RXFP4	0.00018748062056177	0.000276354971504916	1315	1319	8.88743509431465e-05
WNT10A_FZD9_LRP5	0.000139935529502518	0.000228676350970967	1338	1343	8.87408214684489e-05
COL4A3_ITGA11_ITGB1	0.000353747976982237	0.00043867772194371	1234	1275	8.49297449614733e-05
WNT1_FZD2_LRP5	8.06708659385851e-05	0.000164160361319764	1391	1371	8.34894953811788e-05
TNFSF8_TNFRSF8	8.01592071761831e-05	0.000163479368604888	1392	1372	8.33201614287049e-05
COL4A2_ITGA3_ITGB1	0.0249004340649943	0.0248182966352912	121	152	-8.21374297031545e-05
COL6A5_ITGA1_ITGB1	0.0001238932267259	4.32398083085028e-05	1357	1422	-8.06534184173971e-05
NPY_NPY1R	5.75608471528096e-05	0.000137783587632048	1408	1384	8.02227404792388e-05
GDF7_BMPR1A_ACVR2A	0.000142411271147994	0.000221369681749989	1336	1347	7.89584106019946e-05
ADCYAP1_ADCYAP1R1	4.4788805166079e-05	0.000123116779069961	1421	1391	7.83279739038821e-05
PLG_F2RL1	9.29632771442032e-05	0.000171139146516941	1381	1369	7.81758693727378e-05
CD40LG_CD40	7.54847036180462e-05	0.000153459925019037	1397	1376	7.79752214009906e-05
AGT_MAS1	6.12115468142141e-05	0.000137659508796818	1406	1385	7.6447961982604e-05
PYY_NPY1R	0.000241604127033032	0.000316688100740475	1276	1307	7.50839737074429e-05
WNT2_FZD6_LRP6	0.00209506867652455	0.00216985216413531	833	914	7.47834876107536e-05
CCL2_ACKR1	0.000210197850281763	0.000284203188072764	1303	1316	7.40053377910012e-05
IL1A_IL1R2	8.01279487255455e-05	0.000153991264033957	1393	1375	7.3863315308411e-05
GDF6_BMPR1B_BMPR2	9.47546052990089e-05	0.000168439693968031	1379	1370	7.36850886690219e-05
SLURP1_CHRND	4.44849295490151e-05	0.000117951126738317	1422	1396	7.3466197189302e-05
IFNK_IFNAR1_IFNAR2	6.98336733361073e-05	0.000142709686797503	1400	1382	7.28760134613955e-05
CCL8_CCR2	8.07092470101246e-05	0.000152894115303351	1390	1378	7.21848682932269e-05
CALCA_CALCR	4.24055023454717e-05	0.000114587288973509	1423	1397	7.21817866280377e-05
EREG_ERBB2_ERBB4	0.000176033020479498	0.000248197119779918	1321	1333	7.21640993004201e-05
PLG_PARD3	0.0004015238741233	0.000472834487383718	1216	1261	7.1310613260418e-05
WNT1_FZD5_LRP5	7.93199677991697e-05	0.000150500300233105	1395	1380	7.1180332433935e-05
CD40LG_ITGA5_ITGB1	0.00043998495159988	0.000510892806843415	1204	1250	7.09078552435348e-05
WNT10B_FZD9_LRP6	0.000126925522897008	5.62220666625019e-05	1353	1419	-7.07034562345057e-05
RLN3_RXFP3	5.18604575492086e-05	0.000122264468472499	1414	1393	7.04040109232909e-05
XCL2_XCR1	5.67975763761954e-05	0.000126100681898038	1409	1390	6.93031055218424e-05
CCL7_CCR3	0.000209776145604945	0.000278437601380666	1304	1318	6.86614557757217e-05
WNT9B_FZD1_LRP5	0.000122361847475714	0.000190140474313815	1359	1359	6.77786268381008e-05
IFNB1_IFNAR1_IFNAR2	0.000162507064284024	0.000230284644232234	1327	1342	6.77775799482097e-05
IHH_PTCH2	6.72135832499903e-05	0	1403	1429.5	-6.72135832499903e-05
SLURP1_CHRNA7	0.000117037845996628	0.000183548673537114	1360	1363	6.65108275404858e-05
PROK2_PROKR1	6.09495144221972e-05	0.00012728561493403	1407	1389	6.63361005118333e-05
WNT4_FZD9_LRP5	6.48938434220272e-05	0	1404	1429.5	-6.48938434220272e-05
GDF6_BMPR1A_BMPR2	0.00010758544038863	0.000172443655620239	1370	1368	6.48582152316089e-05
WNT10B_FZD1_LRP5	0.00043463767495294	0.000369926263648048	1206	1296	-6.4711411304892e-05
WNT1_FZD3_LRP6	0.000113729632053678	0.000178247074468354	1364	1364	6.45174424146765e-05
CCL14_ACKR1	0.000136774390061565	0.000201047347468322	1341	1355	6.42729574067572e-05
PLG_F2RL3	4.91347046669751e-05	0.000113049355946981	1417	1399	6.39146512800061e-05
COL6A2_ITGA9_ITGB1	0.0173850645981464	0.0173217135633071	217	267	-6.33510348392215e-05
WNT1_FZD2_LRP6	9.214811683841e-05	0.000153085980727807	1383	1377	6.0937863889397e-05
WNT1_FZD7_LRP6	0.000148632589693682	0.000206501199748322	1331	1353	5.78686100546402e-05
GDF7_BMPR1A_BMPR2	0.0011855905440021	0.00124323912083721	982	1086	5.76485768351031e-05
PLG_F2R	6.33611947605835e-05	0.000119792218594622	1405	1395	5.64310238340381e-05
IGF1_ITGAV_ITGB3	1.23353635300856e-05	6.81096637449156e-05	1433	1415	5.577430021483e-05
CCL5_CCR4	0.00026314878118156	0.000318840982813605	1267	1306	5.56922016320452e-05
WNT4_FZD5_LRP6	0.00421621806223851	0.00427077323190323	645	736	5.4555169664721e-05
WNT1_FZD6_LRP5	8.50879234988377e-05	0.000139027971234185	1387	1383	5.39400477353476e-05
CXCL13_CXCR5	7.86531198686333e-05	0.000129210032550124	1396	1388	5.05569126814904e-05
WNT8A_FZD9_LRP6	0.000136562456384452	8.69747674239377e-05	1342	1407	-4.95876889605148e-05
CORT_SSTR1	5.64154469638609e-05	0.000105503852437772	1410	1401	4.90884054739114e-05
WNT4_FZD9_LRP6	0.000124592133522163	0.000173379935383696	1354	1367	4.87878018615334e-05
BMP10_ACVRL1_BMPR2	4.55555784063237e-05	0	1419.5	1429.5	-4.55555784063237e-05
WNT2_FZD7_LRP6	0.00174584419740222	0.00179077610293144	883	977	4.49319055292178e-05
WNT10A_FZD9_LRP6	0.0002110818580067	0.000255976489204609	1301	1327	4.48946311979086e-05
WNT8A_FZD10_LRP6	0.00142497789890091	0.00146958383587729	943	1036	4.46059369763863e-05
FGF23_FGFR1	3.51790401822233e-05	7.97107691076542e-05	1424	1410	4.45317289254309e-05
WNT2_FZD9_LRP6	0.00013965758627514	9.5555474959823e-05	1339	1402	-4.41021113153174e-05
WNT4_FZD8_LRP6	0.000676155678908187	0.000632694285270107	1123	1214	-4.34613936380805e-05
BMP10_ACVRL1_ACVR2A	4.55555784063237e-05	8.81564710115015e-05	1419.5	1405	4.26008926051779e-05
WNT2B_FZD9_LRP5	3.426922604657e-05	7.66582950259616e-05	1426	1412	4.23890689793917e-05
WNT8B_FZD3_LRP6	0.001368751457104	0.00140982131594405	950	1048	4.10698588400485e-05
WNT6_FZD9_LRP5	7.14920860345683e-05	0.00011204836445487	1399	1400	4.0556278420302e-05
WNT1_FZD5_LRP6	0.00011202955401231	0.000151931264652367	1365	1379	3.99017106400574e-05
GDF11_TGFBR1_ACVR2B	0.013127862541746	0.0131675655364443	293	358	3.97029946982569e-05
COL4A1_ITGA3_ITGB1	0.0234298076203958	0.0234692306019609	134	172	3.94229815650488e-05
COL9A2_ITGA1_ITGB1	0.0188007641590836	0.0187617926161332	194	244	-3.89715429504854e-05
FGF1_FGFR1	3.00159979816478e-05	6.66337351394503e-05	1427	1416	3.66177371578025e-05
AMH_AMHR2_ACVR1	9.69960180430916e-05	0.000133517528315184	1378	1386	3.65215102720927e-05
INHBC_ACVR1B_ACVR2A	5.00417092660492e-05	8.61781770665215e-05	1416	1408	3.61364678004723e-05
INSL3_RXFP3	3.44074801281315e-05	6.98482592032342e-05	1425	1414	3.54407790751027e-05
BMP5_BMPR1B_ACVR2B	5.46278727891599e-05	8.83705842656534e-05	1411.5	1404	3.37427114764936e-05
FGF23_FGFR3	5.40680271836714e-05	8.7470490810549e-05	1413	1406	3.34024636268776e-05
COL6A5_ITGA3_ITGB1	9.86755010663857e-05	0.000129261012522285	1376	1387	3.05855114558997e-05
WNT1_FZD6_LRP6	9.40095761781978e-05	0.000122705441150549	1380	1392	2.86958649723514e-05
BMP5_BMPR1A_BMPR2	0.00010420322788069	7.57345036060178e-05	1373	1413	-2.8468724274672e-05
WNT8B_FZD8_LRP6	5.09647443917821e-05	7.76241424583564e-05	1415	1411	2.66593980665742e-05
WNT9B_FZD3_LRP6	0.000809026708376459	0.000835037248438806	1086	1168	2.60105400623469e-05
GHRL_GHSR	2.0963108660666e-05	4.57455472992842e-05	1431	1421	2.47824386386182e-05
WNT6_FZD1_LRP6	0.00204228202329796	0.00206545186559068	843	934	2.31698422927208e-05
WNT1_FZD8_LRP6	9.86518577198742e-05	0.000121429909594158	1377	1394	2.27780518742834e-05
COL9A3_ITGA11_ITGB1	0.00155278368132773	0.00157551485485939	924	1012	2.27311735316535e-05
DHH_PTCH2	0.000490383372603435	0.000512883260063479	1181	1247	2.24998874600434e-05
SEMA3C_NRP2_PLXNA3	0.000128102160971231	0.000150296599016058	1352	1381	2.21944380448271e-05
WNT7B_FZD9_LRP6	0.000214644212010406	0.00023628257957165	1298	1339	2.16383675612438e-05
WNT8A_FZD4_LRP6	0.000855951599223798	0.000836273834649361	1075	1167	-1.96777645744365e-05
WNT8A_FZD8_LRP6	0.000293398419464666	0.000274412583916794	1254	1321	-1.89858355478727e-05
WNT3A_FZD10_LRP6	0.00157345777806343	0.00159206437971061	921	1008	1.86066016471759e-05
PRSS3_PARD3	0.00656880224667453	0.00658715723957832	538	615	1.83549929037843e-05
WNT3A_FZD9_LRP5	7.48694640154085e-05	9.30319792620161e-05	1398	1403	1.81625152466077e-05
COL4A3_ITGA10_ITGB1	4.56918590888906e-05	6.36661266522469e-05	1418	1417	1.79742675633562e-05
WNT2_FZD10_LRP6	0.00175279525447579	0.00176808587043255	882	981	1.52906159567646e-05
GDF6_BMPR1B_ACVR2A	1.6974763298046e-05	3.07890085887025e-05	1432	1425	1.38142452906565e-05
WNT10B_FZD9_LRP5	2.82009466506789e-05	4.169707917202e-05	1428	1423	1.34961325213411e-05
WNT2B_FZD9_LRP6	0.000179928506351871	0.000193217966063339	1319	1358	1.32894597114677e-05
GDF6_BMPR1A_ACVR2A	2.20385709294383e-05	3.46501559544339e-05	1430	1424	1.26115850249956e-05
COL6A5_ITGAV_ITGB8	6.85326325748651e-05	5.84351734338116e-05	1401	1418	-1.00974591410535e-05
BMP5_BMPR1A_ACVR2B	5.46278727891599e-05	4.73833947744897e-05	1411.5	1420	-7.24447801467018e-06
THY1_ITGAV_ITGB3	0.00191389931636742	0.00190718895090673	859	955	-6.71036546069604e-06
SPP1_ITGAV_ITGB3	0.00184063087258531	0.00184693540551201	866	966	6.30453292670011e-06
L1CAM_ITGA4_ITGB7	0.000184030632263395	0.00018942087808552	1317	1360	5.3902458221253e-06
WNT10B_FZD7_LRP6	0.00118965292124139	0.00119476490427689	981	1096	5.11198303550166e-06
WNT10A_FZD2_LRP6	0.005364736125295	0.00536145957800107	589	670	-3.27654729393237e-06
GDF5_BMPR1A_ACVR2A	0.000773666267496889	0.000771983691056139	1099	1189	-1.6825764407502e-06
BMP5_BMPR1B_BMPR2	8.22914091045008e-05	8.33184221957409e-05	1389	1409	1.02701309124009e-06
