"case"	"parameter"	"value"
"cosmx_250"	"engine"	"SpatialESS_CSR_stream"
"cosmx_250"	"percentage_filter"	"SpatialCellChat_V3_format_digits1"
"cosmx_250"	"ratio"	"1"
"cosmx_250"	"tol"	"5"
"cosmx_250"	"interaction.range"	"30"
"cosmx_250"	"scale.distance"	"20"
"cosmx_250"	"contact.range"	"10"
"cosmx_250"	"Kh"	"0.5"
"cosmx_250"	"n"	"1"
"cosmx_250"	"use.AGAN"	"TRUE"
"cosmx_250"	"min.percent"	"0"
"cosmx_250"	"min.cells.sr"	"1"
"cosmx_250"	"nboot"	"20"
"cosmx_250"	"seed.use"	"20260803"
"cosmx_1000"	"engine"	"SpatialESS_CSR_stream"
"cosmx_1000"	"percentage_filter"	"SpatialCellChat_V3_format_digits1"
"cosmx_1000"	"ratio"	"1"
"cosmx_1000"	"tol"	"5"
"cosmx_1000"	"interaction.range"	"30"
"cosmx_1000"	"scale.distance"	"20"
"cosmx_1000"	"contact.range"	"10"
"cosmx_1000"	"Kh"	"0.5"
"cosmx_1000"	"n"	"1"
"cosmx_1000"	"use.AGAN"	"TRUE"
"cosmx_1000"	"min.percent"	"0"
"cosmx_1000"	"min.cells.sr"	"1"
"cosmx_1000"	"nboot"	"20"
"cosmx_1000"	"seed.use"	"20260803"
"cosmx_5000"	"engine"	"SpatialESS_CSR_stream"
"cosmx_5000"	"percentage_filter"	"SpatialCellChat_V3_format_digits1"
"cosmx_5000"	"ratio"	"1"
"cosmx_5000"	"tol"	"5"
"cosmx_5000"	"interaction.range"	"30"
"cosmx_5000"	"scale.distance"	"20"
"cosmx_5000"	"contact.range"	"10"
"cosmx_5000"	"Kh"	"0.5"
"cosmx_5000"	"n"	"1"
"cosmx_5000"	"use.AGAN"	"TRUE"
"cosmx_5000"	"min.percent"	"0"
"cosmx_5000"	"min.cells.sr"	"1"
"cosmx_5000"	"nboot"	"20"
"cosmx_5000"	"seed.use"	"20260803"
"cosmx_10000"	"engine"	"SpatialESS_CSR_stream"
"cosmx_10000"	"percentage_filter"	"SpatialCellChat_V3_format_digits1"
"cosmx_10000"	"ratio"	"1"
"cosmx_10000"	"tol"	"5"
"cosmx_10000"	"interaction.range"	"30"
"cosmx_10000"	"scale.distance"	"20"
"cosmx_10000"	"contact.range"	"10"
"cosmx_10000"	"Kh"	"0.5"
"cosmx_10000"	"n"	"1"
"cosmx_10000"	"use.AGAN"	"TRUE"
"cosmx_10000"	"min.percent"	"0"
"cosmx_10000"	"min.cells.sr"	"1"
"cosmx_10000"	"nboot"	"20"
"cosmx_10000"	"seed.use"	"20260803"
"cosmx_25000"	"engine"	"SpatialESS_CSR_stream"
"cosmx_25000"	"percentage_filter"	"SpatialCellChat_V3_format_digits1"
"cosmx_25000"	"ratio"	"1"
"cosmx_25000"	"tol"	"5"
"cosmx_25000"	"interaction.range"	"30"
"cosmx_25000"	"scale.distance"	"20"
"cosmx_25000"	"contact.range"	"10"
"cosmx_25000"	"Kh"	"0.5"
"cosmx_25000"	"n"	"1"
"cosmx_25000"	"use.AGAN"	"TRUE"
"cosmx_25000"	"min.percent"	"0"
"cosmx_25000"	"min.cells.sr"	"1"
"cosmx_25000"	"nboot"	"20"
"cosmx_25000"	"seed.use"	"20260803"
"cosmx_50000"	"engine"	"SpatialESS_CSR_stream"
"cosmx_50000"	"percentage_filter"	"SpatialCellChat_V3_format_digits1"
"cosmx_50000"	"ratio"	"1"
"cosmx_50000"	"tol"	"5"
"cosmx_50000"	"interaction.range"	"30"
"cosmx_50000"	"scale.distance"	"20"
"cosmx_50000"	"contact.range"	"10"
"cosmx_50000"	"Kh"	"0.5"
"cosmx_50000"	"n"	"1"
"cosmx_50000"	"use.AGAN"	"TRUE"
"cosmx_50000"	"min.percent"	"0"
"cosmx_50000"	"min.cells.sr"	"1"
"cosmx_50000"	"nboot"	"20"
"cosmx_50000"	"seed.use"	"20260803"
"cosmx_100000"	"engine"	"SpatialESS_CSR_stream"
"cosmx_100000"	"percentage_filter"	"SpatialCellChat_V3_format_digits1"
"cosmx_100000"	"ratio"	"1"
"cosmx_100000"	"tol"	"5"
"cosmx_100000"	"interaction.range"	"30"
"cosmx_100000"	"scale.distance"	"20"
"cosmx_100000"	"contact.range"	"10"
"cosmx_100000"	"Kh"	"0.5"
"cosmx_100000"	"n"	"1"
"cosmx_100000"	"use.AGAN"	"TRUE"
"cosmx_100000"	"min.percent"	"0"
"cosmx_100000"	"min.cells.sr"	"1"
"cosmx_100000"	"nboot"	"20"
"cosmx_100000"	"seed.use"	"20260803"
"cosmx_200000"	"engine"	"SpatialESS_CSR_stream"
"cosmx_200000"	"percentage_filter"	"SpatialCellChat_V3_format_digits1"
"cosmx_200000"	"ratio"	"1"
"cosmx_200000"	"tol"	"5"
"cosmx_200000"	"interaction.range"	"30"
"cosmx_200000"	"scale.distance"	"20"
"cosmx_200000"	"contact.range"	"10"
"cosmx_200000"	"Kh"	"0.5"
"cosmx_200000"	"n"	"1"
"cosmx_200000"	"use.AGAN"	"TRUE"
"cosmx_200000"	"min.percent"	"0"
"cosmx_200000"	"min.cells.sr"	"1"
"cosmx_200000"	"nboot"	"20"
"cosmx_200000"	"seed.use"	"20260803"
"cosmx_443515"	"engine"	"SpatialESS_CSR_stream"
"cosmx_443515"	"percentage_filter"	"SpatialCellChat_V3_format_digits1"
"cosmx_443515"	"ratio"	"1"
"cosmx_443515"	"tol"	"5"
"cosmx_443515"	"interaction.range"	"30"
"cosmx_443515"	"scale.distance"	"20"
"cosmx_443515"	"contact.range"	"10"
"cosmx_443515"	"Kh"	"0.5"
"cosmx_443515"	"n"	"1"
"cosmx_443515"	"use.AGAN"	"TRUE"
"cosmx_443515"	"min.percent"	"0"
"cosmx_443515"	"min.cells.sr"	"1"
"cosmx_443515"	"nboot"	"20"
"cosmx_443515"	"seed.use"	"20260803"
"cervical_center_1000_default"	"engine"	"SpatialESS_CSR_stream"
"cervical_center_1000_default"	"percentage_filter"	"SpatialCellChat_V3_format_digits1"
"cervical_center_1000_default"	"ratio"	"1"
"cervical_center_1000_default"	"tol"	"5"
"cervical_center_1000_default"	"interaction.range"	"30"
"cervical_center_1000_default"	"scale.distance"	"1"
"cervical_center_1000_default"	"contact.range"	"10"
"cervical_center_1000_default"	"Kh"	"0.5"
"cervical_center_1000_default"	"n"	"1"
"cervical_center_1000_default"	"use.AGAN"	"TRUE"
"cervical_center_1000_default"	"min.percent"	"0.1"
"cervical_center_1000_default"	"min.cells.sr"	"5"
"cervical_center_1000_default"	"nboot"	"100"
"cervical_center_1000_default"	"seed.use"	"1"
"cervical_center_1000_relaxed"	"engine"	"SpatialESS_CSR_stream"
"cervical_center_1000_relaxed"	"percentage_filter"	"SpatialCellChat_V3_format_digits1"
"cervical_center_1000_relaxed"	"ratio"	"1"
"cervical_center_1000_relaxed"	"tol"	"5"
"cervical_center_1000_relaxed"	"interaction.range"	"30"
"cervical_center_1000_relaxed"	"scale.distance"	"1"
"cervical_center_1000_relaxed"	"contact.range"	"10"
"cervical_center_1000_relaxed"	"Kh"	"0.5"
"cervical_center_1000_relaxed"	"n"	"1"
"cervical_center_1000_relaxed"	"use.AGAN"	"TRUE"
"cervical_center_1000_relaxed"	"min.percent"	"0"
"cervical_center_1000_relaxed"	"min.cells.sr"	"1"
"cervical_center_1000_relaxed"	"nboot"	"100"
"cervical_center_1000_relaxed"	"seed.use"	"1"
"cervical_center_5000_default"	"engine"	"SpatialESS_CSR_stream"
"cervical_center_5000_default"	"percentage_filter"	"SpatialCellChat_V3_format_digits1"
"cervical_center_5000_default"	"ratio"	"1"
"cervical_center_5000_default"	"tol"	"5"
"cervical_center_5000_default"	"interaction.range"	"30"
"cervical_center_5000_default"	"scale.distance"	"1"
"cervical_center_5000_default"	"contact.range"	"10"
"cervical_center_5000_default"	"Kh"	"0.5"
"cervical_center_5000_default"	"n"	"1"
"cervical_center_5000_default"	"use.AGAN"	"TRUE"
"cervical_center_5000_default"	"min.percent"	"0.1"
"cervical_center_5000_default"	"min.cells.sr"	"5"
"cervical_center_5000_default"	"nboot"	"100"
"cervical_center_5000_default"	"seed.use"	"1"
"cervical_center_5000_relaxed"	"engine"	"SpatialESS_CSR_stream"
"cervical_center_5000_relaxed"	"percentage_filter"	"SpatialCellChat_V3_format_digits1"
"cervical_center_5000_relaxed"	"ratio"	"1"
"cervical_center_5000_relaxed"	"tol"	"5"
"cervical_center_5000_relaxed"	"interaction.range"	"30"
"cervical_center_5000_relaxed"	"scale.distance"	"1"
"cervical_center_5000_relaxed"	"contact.range"	"10"
"cervical_center_5000_relaxed"	"Kh"	"0.5"
"cervical_center_5000_relaxed"	"n"	"1"
"cervical_center_5000_relaxed"	"use.AGAN"	"TRUE"
"cervical_center_5000_relaxed"	"min.percent"	"0"
"cervical_center_5000_relaxed"	"min.cells.sr"	"1"
"cervical_center_5000_relaxed"	"nboot"	"100"
"cervical_center_5000_relaxed"	"seed.use"	"1"
"cervical_stratified_1000_default"	"engine"	"SpatialESS_CSR_stream"
"cervical_stratified_1000_default"	"percentage_filter"	"SpatialCellChat_V3_format_digits1"
"cervical_stratified_1000_default"	"ratio"	"1"
"cervical_stratified_1000_default"	"tol"	"5"
"cervical_stratified_1000_default"	"interaction.range"	"30"
"cervical_stratified_1000_default"	"scale.distance"	"1"
"cervical_stratified_1000_default"	"contact.range"	"10"
"cervical_stratified_1000_default"	"Kh"	"0.5"
"cervical_stratified_1000_default"	"n"	"1"
"cervical_stratified_1000_default"	"use.AGAN"	"TRUE"
"cervical_stratified_1000_default"	"min.percent"	"0.1"
"cervical_stratified_1000_default"	"min.cells.sr"	"5"
"cervical_stratified_1000_default"	"nboot"	"100"
"cervical_stratified_1000_default"	"seed.use"	"1"
"cervical_stratified_1000_relaxed"	"engine"	"SpatialESS_CSR_stream"
"cervical_stratified_1000_relaxed"	"percentage_filter"	"SpatialCellChat_V3_format_digits1"
"cervical_stratified_1000_relaxed"	"ratio"	"1"
"cervical_stratified_1000_relaxed"	"tol"	"5"
"cervical_stratified_1000_relaxed"	"interaction.range"	"30"
"cervical_stratified_1000_relaxed"	"scale.distance"	"1"
"cervical_stratified_1000_relaxed"	"contact.range"	"10"
"cervical_stratified_1000_relaxed"	"Kh"	"0.5"
"cervical_stratified_1000_relaxed"	"n"	"1"
"cervical_stratified_1000_relaxed"	"use.AGAN"	"TRUE"
"cervical_stratified_1000_relaxed"	"min.percent"	"0"
"cervical_stratified_1000_relaxed"	"min.cells.sr"	"1"
"cervical_stratified_1000_relaxed"	"nboot"	"100"
"cervical_stratified_1000_relaxed"	"seed.use"	"1"
"cervical_stratified_5000_default"	"engine"	"SpatialESS_CSR_stream"
"cervical_stratified_5000_default"	"percentage_filter"	"SpatialCellChat_V3_format_digits1"
"cervical_stratified_5000_default"	"ratio"	"1"
"cervical_stratified_5000_default"	"tol"	"5"
"cervical_stratified_5000_default"	"interaction.range"	"30"
"cervical_stratified_5000_default"	"scale.distance"	"1"
"cervical_stratified_5000_default"	"contact.range"	"10"
"cervical_stratified_5000_default"	"Kh"	"0.5"
"cervical_stratified_5000_default"	"n"	"1"
"cervical_stratified_5000_default"	"use.AGAN"	"TRUE"
"cervical_stratified_5000_default"	"min.percent"	"0.1"
"cervical_stratified_5000_default"	"min.cells.sr"	"5"
"cervical_stratified_5000_default"	"nboot"	"100"
"cervical_stratified_5000_default"	"seed.use"	"1"
"cervical_stratified_5000_relaxed"	"engine"	"SpatialESS_CSR_stream"
"cervical_stratified_5000_relaxed"	"percentage_filter"	"SpatialCellChat_V3_format_digits1"
"cervical_stratified_5000_relaxed"	"ratio"	"1"
"cervical_stratified_5000_relaxed"	"tol"	"5"
"cervical_stratified_5000_relaxed"	"interaction.range"	"30"
"cervical_stratified_5000_relaxed"	"scale.distance"	"1"
"cervical_stratified_5000_relaxed"	"contact.range"	"10"
"cervical_stratified_5000_relaxed"	"Kh"	"0.5"
"cervical_stratified_5000_relaxed"	"n"	"1"
"cervical_stratified_5000_relaxed"	"use.AGAN"	"TRUE"
"cervical_stratified_5000_relaxed"	"min.percent"	"0"
"cervical_stratified_5000_relaxed"	"min.cells.sr"	"1"
"cervical_stratified_5000_relaxed"	"nboot"	"100"
"cervical_stratified_5000_relaxed"	"seed.use"	"1"
"ovarian_raw_1000"	"engine"	"SpatialESS_CSR_stream"
"ovarian_raw_1000"	"percentage_filter"	"SpatialCellChat_V3_format_digits1"
"ovarian_raw_1000"	"ratio"	"1"
"ovarian_raw_1000"	"tol"	"5"
"ovarian_raw_1000"	"interaction.range"	"30"
"ovarian_raw_1000"	"scale.distance"	"20"
"ovarian_raw_1000"	"contact.range"	"10"
"ovarian_raw_1000"	"Kh"	"0.5"
"ovarian_raw_1000"	"n"	"1"
"ovarian_raw_1000"	"use.AGAN"	"TRUE"
"ovarian_raw_1000"	"min.percent"	"0"
"ovarian_raw_1000"	"min.cells.sr"	"1"
"ovarian_raw_1000"	"nboot"	"100"
"ovarian_raw_1000"	"seed.use"	"20260903"
"ovarian_raw_5000"	"engine"	"SpatialESS_CSR_stream"
"ovarian_raw_5000"	"percentage_filter"	"SpatialCellChat_V3_format_digits1"
"ovarian_raw_5000"	"ratio"	"1"
"ovarian_raw_5000"	"tol"	"5"
"ovarian_raw_5000"	"interaction.range"	"30"
"ovarian_raw_5000"	"scale.distance"	"20"
"ovarian_raw_5000"	"contact.range"	"10"
"ovarian_raw_5000"	"Kh"	"0.5"
"ovarian_raw_5000"	"n"	"1"
"ovarian_raw_5000"	"use.AGAN"	"TRUE"
"ovarian_raw_5000"	"min.percent"	"0"
"ovarian_raw_5000"	"min.cells.sr"	"1"
"ovarian_raw_5000"	"nboot"	"100"
"ovarian_raw_5000"	"seed.use"	"20260903"
"ovarian_raw_16247"	"engine"	"SpatialESS_CSR_stream"
"ovarian_raw_16247"	"percentage_filter"	"SpatialCellChat_V3_format_digits1"
"ovarian_raw_16247"	"ratio"	"1"
"ovarian_raw_16247"	"tol"	"5"
"ovarian_raw_16247"	"interaction.range"	"30"
"ovarian_raw_16247"	"scale.distance"	"20"
"ovarian_raw_16247"	"contact.range"	"10"
"ovarian_raw_16247"	"Kh"	"0.5"
"ovarian_raw_16247"	"n"	"1"
"ovarian_raw_16247"	"use.AGAN"	"TRUE"
"ovarian_raw_16247"	"min.percent"	"0"
"ovarian_raw_16247"	"min.cells.sr"	"1"
"ovarian_raw_16247"	"nboot"	"100"
"ovarian_raw_16247"	"seed.use"	"20260903"
"ovarian_sparkle_1000"	"engine"	"SpatialESS_CSR_stream"
"ovarian_sparkle_1000"	"percentage_filter"	"SpatialCellChat_V3_format_digits1"
"ovarian_sparkle_1000"	"ratio"	"1"
"ovarian_sparkle_1000"	"tol"	"5"
"ovarian_sparkle_1000"	"interaction.range"	"30"
"ovarian_sparkle_1000"	"scale.distance"	"20"
"ovarian_sparkle_1000"	"contact.range"	"10"
"ovarian_sparkle_1000"	"Kh"	"0.5"
"ovarian_sparkle_1000"	"n"	"1"
"ovarian_sparkle_1000"	"use.AGAN"	"TRUE"
"ovarian_sparkle_1000"	"min.percent"	"0"
"ovarian_sparkle_1000"	"min.cells.sr"	"1"
"ovarian_sparkle_1000"	"nboot"	"100"
"ovarian_sparkle_1000"	"seed.use"	"20260903"
"ovarian_sparkle_5000"	"engine"	"SpatialESS_CSR_stream"
"ovarian_sparkle_5000"	"percentage_filter"	"SpatialCellChat_V3_format_digits1"
"ovarian_sparkle_5000"	"ratio"	"1"
"ovarian_sparkle_5000"	"tol"	"5"
"ovarian_sparkle_5000"	"interaction.range"	"30"
"ovarian_sparkle_5000"	"scale.distance"	"20"
"ovarian_sparkle_5000"	"contact.range"	"10"
"ovarian_sparkle_5000"	"Kh"	"0.5"
"ovarian_sparkle_5000"	"n"	"1"
"ovarian_sparkle_5000"	"use.AGAN"	"TRUE"
"ovarian_sparkle_5000"	"min.percent"	"0"
"ovarian_sparkle_5000"	"min.cells.sr"	"1"
"ovarian_sparkle_5000"	"nboot"	"100"
"ovarian_sparkle_5000"	"seed.use"	"20260903"
"ovarian_sparkle_16247"	"engine"	"SpatialESS_CSR_stream"
"ovarian_sparkle_16247"	"percentage_filter"	"SpatialCellChat_V3_format_digits1"
"ovarian_sparkle_16247"	"ratio"	"1"
"ovarian_sparkle_16247"	"tol"	"5"
"ovarian_sparkle_16247"	"interaction.range"	"30"
"ovarian_sparkle_16247"	"scale.distance"	"20"
"ovarian_sparkle_16247"	"contact.range"	"10"
"ovarian_sparkle_16247"	"Kh"	"0.5"
"ovarian_sparkle_16247"	"n"	"1"
"ovarian_sparkle_16247"	"use.AGAN"	"TRUE"
"ovarian_sparkle_16247"	"min.percent"	"0"
"ovarian_sparkle_16247"	"min.cells.sr"	"1"
"ovarian_sparkle_16247"	"nboot"	"100"
"ovarian_sparkle_16247"	"seed.use"	"20260903"
"gse306130_6_BCC_1000"	"engine"	"SpatialESS_CSR_stream"
"gse306130_6_BCC_1000"	"percentage_filter"	"SpatialCellChat_V3_format_digits1"
"gse306130_6_BCC_1000"	"ratio"	"1"
"gse306130_6_BCC_1000"	"tol"	"5"
"gse306130_6_BCC_1000"	"interaction.range"	"30"
"gse306130_6_BCC_1000"	"scale.distance"	"20"
"gse306130_6_BCC_1000"	"contact.range"	"10"
"gse306130_6_BCC_1000"	"Kh"	"0.5"
"gse306130_6_BCC_1000"	"n"	"1"
"gse306130_6_BCC_1000"	"use.AGAN"	"TRUE"
"gse306130_6_BCC_1000"	"min.percent"	"0"
"gse306130_6_BCC_1000"	"min.cells.sr"	"1"
"gse306130_6_BCC_1000"	"nboot"	"20"
"gse306130_6_BCC_1000"	"seed.use"	"20260828"
"gse306130_35_BCC_1000"	"engine"	"SpatialESS_CSR_stream"
"gse306130_35_BCC_1000"	"percentage_filter"	"SpatialCellChat_V3_format_digits1"
"gse306130_35_BCC_1000"	"ratio"	"1"
"gse306130_35_BCC_1000"	"tol"	"5"
"gse306130_35_BCC_1000"	"interaction.range"	"30"
"gse306130_35_BCC_1000"	"scale.distance"	"20"
"gse306130_35_BCC_1000"	"contact.range"	"10"
"gse306130_35_BCC_1000"	"Kh"	"0.5"
"gse306130_35_BCC_1000"	"n"	"1"
"gse306130_35_BCC_1000"	"use.AGAN"	"TRUE"
"gse306130_35_BCC_1000"	"min.percent"	"0"
"gse306130_35_BCC_1000"	"min.cells.sr"	"1"
"gse306130_35_BCC_1000"	"nboot"	"20"
"gse306130_35_BCC_1000"	"seed.use"	"20260828"
"gse306130_35_BCC_5000"	"engine"	"SpatialESS_CSR_stream"
"gse306130_35_BCC_5000"	"percentage_filter"	"SpatialCellChat_V3_format_digits1"
"gse306130_35_BCC_5000"	"ratio"	"1"
"gse306130_35_BCC_5000"	"tol"	"5"
"gse306130_35_BCC_5000"	"interaction.range"	"30"
"gse306130_35_BCC_5000"	"scale.distance"	"20"
"gse306130_35_BCC_5000"	"contact.range"	"10"
"gse306130_35_BCC_5000"	"Kh"	"0.5"
"gse306130_35_BCC_5000"	"n"	"1"
"gse306130_35_BCC_5000"	"use.AGAN"	"TRUE"
"gse306130_35_BCC_5000"	"min.percent"	"0"
"gse306130_35_BCC_5000"	"min.cells.sr"	"1"
"gse306130_35_BCC_5000"	"nboot"	"20"
"gse306130_35_BCC_5000"	"seed.use"	"20260828"
"gse306130_35_BCC_10000"	"engine"	"SpatialESS_CSR_stream"
"gse306130_35_BCC_10000"	"percentage_filter"	"SpatialCellChat_V3_format_digits1"
"gse306130_35_BCC_10000"	"ratio"	"1"
"gse306130_35_BCC_10000"	"tol"	"5"
"gse306130_35_BCC_10000"	"interaction.range"	"30"
"gse306130_35_BCC_10000"	"scale.distance"	"20"
"gse306130_35_BCC_10000"	"contact.range"	"10"
"gse306130_35_BCC_10000"	"Kh"	"0.5"
"gse306130_35_BCC_10000"	"n"	"1"
"gse306130_35_BCC_10000"	"use.AGAN"	"TRUE"
"gse306130_35_BCC_10000"	"min.percent"	"0"
"gse306130_35_BCC_10000"	"min.cells.sr"	"1"
"gse306130_35_BCC_10000"	"nboot"	"20"
"gse306130_35_BCC_10000"	"seed.use"	"20260828"
"gse306130_35_BCC_25000"	"engine"	"SpatialESS_CSR_stream"
"gse306130_35_BCC_25000"	"percentage_filter"	"SpatialCellChat_V3_format_digits1"
"gse306130_35_BCC_25000"	"ratio"	"1"
"gse306130_35_BCC_25000"	"tol"	"5"
"gse306130_35_BCC_25000"	"interaction.range"	"30"
"gse306130_35_BCC_25000"	"scale.distance"	"20"
"gse306130_35_BCC_25000"	"contact.range"	"10"
"gse306130_35_BCC_25000"	"Kh"	"0.5"
"gse306130_35_BCC_25000"	"n"	"1"
"gse306130_35_BCC_25000"	"use.AGAN"	"TRUE"
"gse306130_35_BCC_25000"	"min.percent"	"0"
"gse306130_35_BCC_25000"	"min.cells.sr"	"1"
"gse306130_35_BCC_25000"	"nboot"	"20"
"gse306130_35_BCC_25000"	"seed.use"	"20260828"
"gse306130_35_BCC_50000"	"engine"	"SpatialESS_CSR_stream"
"gse306130_35_BCC_50000"	"percentage_filter"	"SpatialCellChat_V3_format_digits1"
"gse306130_35_BCC_50000"	"ratio"	"1"
"gse306130_35_BCC_50000"	"tol"	"5"
"gse306130_35_BCC_50000"	"interaction.range"	"30"
"gse306130_35_BCC_50000"	"scale.distance"	"20"
"gse306130_35_BCC_50000"	"contact.range"	"10"
"gse306130_35_BCC_50000"	"Kh"	"0.5"
"gse306130_35_BCC_50000"	"n"	"1"
"gse306130_35_BCC_50000"	"use.AGAN"	"TRUE"
"gse306130_35_BCC_50000"	"min.percent"	"0"
"gse306130_35_BCC_50000"	"min.cells.sr"	"1"
"gse306130_35_BCC_50000"	"nboot"	"20"
"gse306130_35_BCC_50000"	"seed.use"	"20260828"
"gse306130_4_SCC_1000"	"engine"	"SpatialESS_CSR_stream"
"gse306130_4_SCC_1000"	"percentage_filter"	"SpatialCellChat_V3_format_digits1"
"gse306130_4_SCC_1000"	"ratio"	"1"
"gse306130_4_SCC_1000"	"tol"	"5"
"gse306130_4_SCC_1000"	"interaction.range"	"30"
"gse306130_4_SCC_1000"	"scale.distance"	"20"
"gse306130_4_SCC_1000"	"contact.range"	"10"
"gse306130_4_SCC_1000"	"Kh"	"0.5"
"gse306130_4_SCC_1000"	"n"	"1"
"gse306130_4_SCC_1000"	"use.AGAN"	"TRUE"
"gse306130_4_SCC_1000"	"min.percent"	"0"
"gse306130_4_SCC_1000"	"min.cells.sr"	"1"
"gse306130_4_SCC_1000"	"nboot"	"20"
"gse306130_4_SCC_1000"	"seed.use"	"20260828"
"gse306130_23_SCC_1000"	"engine"	"SpatialESS_CSR_stream"
"gse306130_23_SCC_1000"	"percentage_filter"	"SpatialCellChat_V3_format_digits1"
"gse306130_23_SCC_1000"	"ratio"	"1"
"gse306130_23_SCC_1000"	"tol"	"5"
"gse306130_23_SCC_1000"	"interaction.range"	"30"
"gse306130_23_SCC_1000"	"scale.distance"	"20"
"gse306130_23_SCC_1000"	"contact.range"	"10"
"gse306130_23_SCC_1000"	"Kh"	"0.5"
"gse306130_23_SCC_1000"	"n"	"1"
"gse306130_23_SCC_1000"	"use.AGAN"	"TRUE"
"gse306130_23_SCC_1000"	"min.percent"	"0"
"gse306130_23_SCC_1000"	"min.cells.sr"	"1"
"gse306130_23_SCC_1000"	"nboot"	"20"
"gse306130_23_SCC_1000"	"seed.use"	"20260828"
"gse313006_1000_boot20"	"engine"	"SpatialESS_CSR_stream"
"gse313006_1000_boot20"	"percentage_filter"	"SpatialCellChat_V3_format_digits1"
"gse313006_1000_boot20"	"ratio"	"1"
"gse313006_1000_boot20"	"tol"	"5"
"gse313006_1000_boot20"	"interaction.range"	"30"
"gse313006_1000_boot20"	"scale.distance"	"20"
"gse313006_1000_boot20"	"contact.range"	"10"
"gse313006_1000_boot20"	"Kh"	"0.5"
"gse313006_1000_boot20"	"n"	"1"
"gse313006_1000_boot20"	"use.AGAN"	"TRUE"
"gse313006_1000_boot20"	"min.percent"	"0"
"gse313006_1000_boot20"	"min.cells.sr"	"1"
"gse313006_1000_boot20"	"nboot"	"20"
"gse313006_1000_boot20"	"seed.use"	"20260820"
"gse313006_1000_boot100"	"engine"	"SpatialESS_CSR_stream"
"gse313006_1000_boot100"	"percentage_filter"	"SpatialCellChat_V3_format_digits1"
"gse313006_1000_boot100"	"ratio"	"1"
"gse313006_1000_boot100"	"tol"	"5"
"gse313006_1000_boot100"	"interaction.range"	"30"
"gse313006_1000_boot100"	"scale.distance"	"20"
"gse313006_1000_boot100"	"contact.range"	"10"
"gse313006_1000_boot100"	"Kh"	"0.5"
"gse313006_1000_boot100"	"n"	"1"
"gse313006_1000_boot100"	"use.AGAN"	"TRUE"
"gse313006_1000_boot100"	"min.percent"	"0"
"gse313006_1000_boot100"	"min.cells.sr"	"1"
"gse313006_1000_boot100"	"nboot"	"100"
"gse313006_1000_boot100"	"seed.use"	"20260820"
"lung_paper_THD0008"	"engine"	"SpatialESS_CSR_stream"
"lung_paper_THD0008"	"percentage_filter"	"SpatialCellChat_V3_format_digits1"
"lung_paper_THD0008"	"ratio"	"1"
"lung_paper_THD0008"	"tol"	"5"
"lung_paper_THD0008"	"interaction.range"	"30"
"lung_paper_THD0008"	"scale.distance"	"20"
"lung_paper_THD0008"	"contact.range"	"10"
"lung_paper_THD0008"	"Kh"	"0.5"
"lung_paper_THD0008"	"n"	"1"
"lung_paper_THD0008"	"use.AGAN"	"TRUE"
"lung_paper_THD0008"	"min.percent"	"0"
"lung_paper_THD0008"	"min.cells.sr"	"1"
"lung_paper_THD0008"	"nboot"	"20"
"lung_paper_THD0008"	"seed.use"	"20260831"
"lung_teacher_THD0008"	"engine"	"SpatialESS_CSR_stream"
"lung_teacher_THD0008"	"percentage_filter"	"SpatialCellChat_V3_format_digits1"
"lung_teacher_THD0008"	"ratio"	"1"
"lung_teacher_THD0008"	"tol"	"5"
"lung_teacher_THD0008"	"interaction.range"	"250"
"lung_teacher_THD0008"	"scale.distance"	"0.01"
"lung_teacher_THD0008"	"contact.range"	"10"
"lung_teacher_THD0008"	"Kh"	"0.5"
"lung_teacher_THD0008"	"n"	"1"
"lung_teacher_THD0008"	"use.AGAN"	"TRUE"
"lung_teacher_THD0008"	"min.percent"	"0.1"
"lung_teacher_THD0008"	"min.cells.sr"	"5"
"lung_teacher_THD0008"	"nboot"	"100"
"lung_teacher_THD0008"	"seed.use"	"2"
"lung_paper_THD0011"	"engine"	"SpatialESS_CSR_stream"
"lung_paper_THD0011"	"percentage_filter"	"SpatialCellChat_V3_format_digits1"
"lung_paper_THD0011"	"ratio"	"1"
"lung_paper_THD0011"	"tol"	"5"
"lung_paper_THD0011"	"interaction.range"	"30"
"lung_paper_THD0011"	"scale.distance"	"20"
"lung_paper_THD0011"	"contact.range"	"10"
"lung_paper_THD0011"	"Kh"	"0.5"
"lung_paper_THD0011"	"n"	"1"
"lung_paper_THD0011"	"use.AGAN"	"TRUE"
"lung_paper_THD0011"	"min.percent"	"0"
"lung_paper_THD0011"	"min.cells.sr"	"1"
"lung_paper_THD0011"	"nboot"	"20"
"lung_paper_THD0011"	"seed.use"	"20260831"
"lung_teacher_THD0011"	"engine"	"SpatialESS_CSR_stream"
"lung_teacher_THD0011"	"percentage_filter"	"SpatialCellChat_V3_format_digits1"
"lung_teacher_THD0011"	"ratio"	"1"
"lung_teacher_THD0011"	"tol"	"5"
"lung_teacher_THD0011"	"interaction.range"	"250"
"lung_teacher_THD0011"	"scale.distance"	"0.01"
"lung_teacher_THD0011"	"contact.range"	"10"
"lung_teacher_THD0011"	"Kh"	"0.5"
"lung_teacher_THD0011"	"n"	"1"
"lung_teacher_THD0011"	"use.AGAN"	"TRUE"
"lung_teacher_THD0011"	"min.percent"	"0.1"
"lung_teacher_THD0011"	"min.cells.sr"	"5"
"lung_teacher_THD0011"	"nboot"	"100"
"lung_teacher_THD0011"	"seed.use"	"3"
"lung_paper_TILD028LA"	"engine"	"SpatialESS_CSR_stream"
"lung_paper_TILD028LA"	"percentage_filter"	"SpatialCellChat_V3_format_digits1"
"lung_paper_TILD028LA"	"ratio"	"1"
"lung_paper_TILD028LA"	"tol"	"5"
"lung_paper_TILD028LA"	"interaction.range"	"30"
"lung_paper_TILD028LA"	"scale.distance"	"20"
"lung_paper_TILD028LA"	"contact.range"	"10"
"lung_paper_TILD028LA"	"Kh"	"0.5"
"lung_paper_TILD028LA"	"n"	"1"
"lung_paper_TILD028LA"	"use.AGAN"	"TRUE"
"lung_paper_TILD028LA"	"min.percent"	"0"
"lung_paper_TILD028LA"	"min.cells.sr"	"1"
"lung_paper_TILD028LA"	"nboot"	"20"
"lung_paper_TILD028LA"	"seed.use"	"20260831"
"lung_teacher_TILD028LA"	"engine"	"SpatialESS_CSR_stream"
"lung_teacher_TILD028LA"	"percentage_filter"	"SpatialCellChat_V3_format_digits1"
"lung_teacher_TILD028LA"	"ratio"	"1"
"lung_teacher_TILD028LA"	"tol"	"5"
"lung_teacher_TILD028LA"	"interaction.range"	"250"
"lung_teacher_TILD028LA"	"scale.distance"	"0.01"
"lung_teacher_TILD028LA"	"contact.range"	"10"
"lung_teacher_TILD028LA"	"Kh"	"0.5"
"lung_teacher_TILD028LA"	"n"	"1"
"lung_teacher_TILD028LA"	"use.AGAN"	"TRUE"
"lung_teacher_TILD028LA"	"min.percent"	"0.1"
"lung_teacher_TILD028LA"	"min.cells.sr"	"5"
"lung_teacher_TILD028LA"	"nboot"	"100"
"lung_teacher_TILD028LA"	"seed.use"	"4"
"lung_paper_TILD049MA"	"engine"	"SpatialESS_CSR_stream"
"lung_paper_TILD049MA"	"percentage_filter"	"SpatialCellChat_V3_format_digits1"
"lung_paper_TILD049MA"	"ratio"	"1"
"lung_paper_TILD049MA"	"tol"	"5"
"lung_paper_TILD049MA"	"interaction.range"	"30"
"lung_paper_TILD049MA"	"scale.distance"	"20"
"lung_paper_TILD049MA"	"contact.range"	"10"
"lung_paper_TILD049MA"	"Kh"	"0.5"
"lung_paper_TILD049MA"	"n"	"1"
"lung_paper_TILD049MA"	"use.AGAN"	"TRUE"
"lung_paper_TILD049MA"	"min.percent"	"0"
"lung_paper_TILD049MA"	"min.cells.sr"	"1"
"lung_paper_TILD049MA"	"nboot"	"20"
"lung_paper_TILD049MA"	"seed.use"	"20260831"
"lung_teacher_TILD049MA"	"engine"	"SpatialESS_CSR_stream"
"lung_teacher_TILD049MA"	"percentage_filter"	"SpatialCellChat_V3_format_digits1"
"lung_teacher_TILD049MA"	"ratio"	"1"
"lung_teacher_TILD049MA"	"tol"	"5"
"lung_teacher_TILD049MA"	"interaction.range"	"250"
"lung_teacher_TILD049MA"	"scale.distance"	"0.01"
"lung_teacher_TILD049MA"	"contact.range"	"10"
"lung_teacher_TILD049MA"	"Kh"	"0.5"
"lung_teacher_TILD049MA"	"n"	"1"
"lung_teacher_TILD049MA"	"use.AGAN"	"TRUE"
"lung_teacher_TILD049MA"	"min.percent"	"0.1"
"lung_teacher_TILD049MA"	"min.cells.sr"	"5"
"lung_teacher_TILD049MA"	"nboot"	"100"
"lung_teacher_TILD049MA"	"seed.use"	"5"
"lung_paper_TILD080LA"	"engine"	"SpatialESS_CSR_stream"
"lung_paper_TILD080LA"	"percentage_filter"	"SpatialCellChat_V3_format_digits1"
"lung_paper_TILD080LA"	"ratio"	"1"
"lung_paper_TILD080LA"	"tol"	"5"
"lung_paper_TILD080LA"	"interaction.range"	"30"
"lung_paper_TILD080LA"	"scale.distance"	"20"
"lung_paper_TILD080LA"	"contact.range"	"10"
"lung_paper_TILD080LA"	"Kh"	"0.5"
"lung_paper_TILD080LA"	"n"	"1"
"lung_paper_TILD080LA"	"use.AGAN"	"TRUE"
"lung_paper_TILD080LA"	"min.percent"	"0"
"lung_paper_TILD080LA"	"min.cells.sr"	"1"
"lung_paper_TILD080LA"	"nboot"	"20"
"lung_paper_TILD080LA"	"seed.use"	"20260831"
"lung_teacher_TILD080LA"	"engine"	"SpatialESS_CSR_stream"
"lung_teacher_TILD080LA"	"percentage_filter"	"SpatialCellChat_V3_format_digits1"
"lung_teacher_TILD080LA"	"ratio"	"1"
"lung_teacher_TILD080LA"	"tol"	"5"
"lung_teacher_TILD080LA"	"interaction.range"	"250"
"lung_teacher_TILD080LA"	"scale.distance"	"0.01"
"lung_teacher_TILD080LA"	"contact.range"	"10"
"lung_teacher_TILD080LA"	"Kh"	"0.5"
"lung_teacher_TILD080LA"	"n"	"1"
"lung_teacher_TILD080LA"	"use.AGAN"	"TRUE"
"lung_teacher_TILD080LA"	"min.percent"	"0.1"
"lung_teacher_TILD080LA"	"min.cells.sr"	"5"
"lung_teacher_TILD080LA"	"nboot"	"100"
"lung_teacher_TILD080LA"	"seed.use"	"6"
"lung_paper_TILD111LA"	"engine"	"SpatialESS_CSR_stream"
"lung_paper_TILD111LA"	"percentage_filter"	"SpatialCellChat_V3_format_digits1"
"lung_paper_TILD111LA"	"ratio"	"1"
"lung_paper_TILD111LA"	"tol"	"5"
"lung_paper_TILD111LA"	"interaction.range"	"30"
"lung_paper_TILD111LA"	"scale.distance"	"20"
"lung_paper_TILD111LA"	"contact.range"	"10"
"lung_paper_TILD111LA"	"Kh"	"0.5"
"lung_paper_TILD111LA"	"n"	"1"
"lung_paper_TILD111LA"	"use.AGAN"	"TRUE"
"lung_paper_TILD111LA"	"min.percent"	"0"
"lung_paper_TILD111LA"	"min.cells.sr"	"1"
"lung_paper_TILD111LA"	"nboot"	"20"
"lung_paper_TILD111LA"	"seed.use"	"20260831"
"lung_teacher_TILD111LA"	"engine"	"SpatialESS_CSR_stream"
"lung_teacher_TILD111LA"	"percentage_filter"	"SpatialCellChat_V3_format_digits1"
"lung_teacher_TILD111LA"	"ratio"	"1"
"lung_teacher_TILD111LA"	"tol"	"5"
"lung_teacher_TILD111LA"	"interaction.range"	"250"
"lung_teacher_TILD111LA"	"scale.distance"	"0.01"
"lung_teacher_TILD111LA"	"contact.range"	"10"
"lung_teacher_TILD111LA"	"Kh"	"0.5"
"lung_teacher_TILD111LA"	"n"	"1"
"lung_teacher_TILD111LA"	"use.AGAN"	"TRUE"
"lung_teacher_TILD111LA"	"min.percent"	"0.1"
"lung_teacher_TILD111LA"	"min.cells.sr"	"5"
"lung_teacher_TILD111LA"	"nboot"	"100"
"lung_teacher_TILD111LA"	"seed.use"	"7"
"lung_paper_TILD113LA"	"engine"	"SpatialESS_CSR_stream"
"lung_paper_TILD113LA"	"percentage_filter"	"SpatialCellChat_V3_format_digits1"
"lung_paper_TILD113LA"	"ratio"	"1"
"lung_paper_TILD113LA"	"tol"	"5"
"lung_paper_TILD113LA"	"interaction.range"	"30"
"lung_paper_TILD113LA"	"scale.distance"	"20"
"lung_paper_TILD113LA"	"contact.range"	"10"
"lung_paper_TILD113LA"	"Kh"	"0.5"
"lung_paper_TILD113LA"	"n"	"1"
"lung_paper_TILD113LA"	"use.AGAN"	"TRUE"
"lung_paper_TILD113LA"	"min.percent"	"0"
"lung_paper_TILD113LA"	"min.cells.sr"	"1"
"lung_paper_TILD113LA"	"nboot"	"20"
"lung_paper_TILD113LA"	"seed.use"	"20260831"
"lung_teacher_TILD113LA"	"engine"	"SpatialESS_CSR_stream"
"lung_teacher_TILD113LA"	"percentage_filter"	"SpatialCellChat_V3_format_digits1"
"lung_teacher_TILD113LA"	"ratio"	"1"
"lung_teacher_TILD113LA"	"tol"	"5"
"lung_teacher_TILD113LA"	"interaction.range"	"250"
"lung_teacher_TILD113LA"	"scale.distance"	"0.01"
"lung_teacher_TILD113LA"	"contact.range"	"10"
"lung_teacher_TILD113LA"	"Kh"	"0.5"
"lung_teacher_TILD113LA"	"n"	"1"
"lung_teacher_TILD113LA"	"use.AGAN"	"TRUE"
"lung_teacher_TILD113LA"	"min.percent"	"0.1"
"lung_teacher_TILD113LA"	"min.cells.sr"	"5"
"lung_teacher_TILD113LA"	"nboot"	"100"
"lung_teacher_TILD113LA"	"seed.use"	"8"
"lung_paper_TILD117LA"	"engine"	"SpatialESS_CSR_stream"
"lung_paper_TILD117LA"	"percentage_filter"	"SpatialCellChat_V3_format_digits1"
"lung_paper_TILD117LA"	"ratio"	"1"
"lung_paper_TILD117LA"	"tol"	"5"
"lung_paper_TILD117LA"	"interaction.range"	"30"
"lung_paper_TILD117LA"	"scale.distance"	"20"
"lung_paper_TILD117LA"	"contact.range"	"10"
"lung_paper_TILD117LA"	"Kh"	"0.5"
"lung_paper_TILD117LA"	"n"	"1"
"lung_paper_TILD117LA"	"use.AGAN"	"TRUE"
"lung_paper_TILD117LA"	"min.percent"	"0"
"lung_paper_TILD117LA"	"min.cells.sr"	"1"
"lung_paper_TILD117LA"	"nboot"	"20"
"lung_paper_TILD117LA"	"seed.use"	"20260831"
"lung_teacher_TILD117LA"	"engine"	"SpatialESS_CSR_stream"
"lung_teacher_TILD117LA"	"percentage_filter"	"SpatialCellChat_V3_format_digits1"
"lung_teacher_TILD117LA"	"ratio"	"1"
"lung_teacher_TILD117LA"	"tol"	"5"
"lung_teacher_TILD117LA"	"interaction.range"	"250"
"lung_teacher_TILD117LA"	"scale.distance"	"0.01"
"lung_teacher_TILD117LA"	"contact.range"	"10"
"lung_teacher_TILD117LA"	"Kh"	"0.5"
"lung_teacher_TILD117LA"	"n"	"1"
"lung_teacher_TILD117LA"	"use.AGAN"	"TRUE"
"lung_teacher_TILD117LA"	"min.percent"	"0.1"
"lung_teacher_TILD117LA"	"min.cells.sr"	"5"
"lung_teacher_TILD117LA"	"nboot"	"100"
"lung_teacher_TILD117LA"	"seed.use"	"9"
"lung_paper_TILD117MA1"	"engine"	"SpatialESS_CSR_stream"
"lung_paper_TILD117MA1"	"percentage_filter"	"SpatialCellChat_V3_format_digits1"
"lung_paper_TILD117MA1"	"ratio"	"1"
"lung_paper_TILD117MA1"	"tol"	"5"
"lung_paper_TILD117MA1"	"interaction.range"	"30"
"lung_paper_TILD117MA1"	"scale.distance"	"20"
"lung_paper_TILD117MA1"	"contact.range"	"10"
"lung_paper_TILD117MA1"	"Kh"	"0.5"
"lung_paper_TILD117MA1"	"n"	"1"
"lung_paper_TILD117MA1"	"use.AGAN"	"TRUE"
"lung_paper_TILD117MA1"	"min.percent"	"0"
"lung_paper_TILD117MA1"	"min.cells.sr"	"1"
"lung_paper_TILD117MA1"	"nboot"	"20"
"lung_paper_TILD117MA1"	"seed.use"	"20260831"
"lung_teacher_TILD117MA1"	"engine"	"SpatialESS_CSR_stream"
"lung_teacher_TILD117MA1"	"percentage_filter"	"SpatialCellChat_V3_format_digits1"
"lung_teacher_TILD117MA1"	"ratio"	"1"
"lung_teacher_TILD117MA1"	"tol"	"5"
"lung_teacher_TILD117MA1"	"interaction.range"	"250"
"lung_teacher_TILD117MA1"	"scale.distance"	"0.01"
"lung_teacher_TILD117MA1"	"contact.range"	"10"
"lung_teacher_TILD117MA1"	"Kh"	"0.5"
"lung_teacher_TILD117MA1"	"n"	"1"
"lung_teacher_TILD117MA1"	"use.AGAN"	"TRUE"
"lung_teacher_TILD117MA1"	"min.percent"	"0.1"
"lung_teacher_TILD117MA1"	"min.cells.sr"	"5"
"lung_teacher_TILD117MA1"	"nboot"	"100"
"lung_teacher_TILD117MA1"	"seed.use"	"10"
"lung_paper_TILD117MA2"	"engine"	"SpatialESS_CSR_stream"
"lung_paper_TILD117MA2"	"percentage_filter"	"SpatialCellChat_V3_format_digits1"
"lung_paper_TILD117MA2"	"ratio"	"1"
"lung_paper_TILD117MA2"	"tol"	"5"
"lung_paper_TILD117MA2"	"interaction.range"	"30"
"lung_paper_TILD117MA2"	"scale.distance"	"20"
"lung_paper_TILD117MA2"	"contact.range"	"10"
"lung_paper_TILD117MA2"	"Kh"	"0.5"
"lung_paper_TILD117MA2"	"n"	"1"
"lung_paper_TILD117MA2"	"use.AGAN"	"TRUE"
"lung_paper_TILD117MA2"	"min.percent"	"0"
"lung_paper_TILD117MA2"	"min.cells.sr"	"1"
"lung_paper_TILD117MA2"	"nboot"	"20"
"lung_paper_TILD117MA2"	"seed.use"	"20260831"
"lung_teacher_TILD117MA2"	"engine"	"SpatialESS_CSR_stream"
"lung_teacher_TILD117MA2"	"percentage_filter"	"SpatialCellChat_V3_format_digits1"
"lung_teacher_TILD117MA2"	"ratio"	"1"
"lung_teacher_TILD117MA2"	"tol"	"5"
"lung_teacher_TILD117MA2"	"interaction.range"	"250"
"lung_teacher_TILD117MA2"	"scale.distance"	"0.01"
"lung_teacher_TILD117MA2"	"contact.range"	"10"
"lung_teacher_TILD117MA2"	"Kh"	"0.5"
"lung_teacher_TILD117MA2"	"n"	"1"
"lung_teacher_TILD117MA2"	"use.AGAN"	"TRUE"
"lung_teacher_TILD117MA2"	"min.percent"	"0.1"
"lung_teacher_TILD117MA2"	"min.cells.sr"	"5"
"lung_teacher_TILD117MA2"	"nboot"	"100"
"lung_teacher_TILD117MA2"	"seed.use"	"11"
"lung_paper_TILD130LA"	"engine"	"SpatialESS_CSR_stream"
"lung_paper_TILD130LA"	"percentage_filter"	"SpatialCellChat_V3_format_digits1"
"lung_paper_TILD130LA"	"ratio"	"1"
"lung_paper_TILD130LA"	"tol"	"5"
"lung_paper_TILD130LA"	"interaction.range"	"30"
"lung_paper_TILD130LA"	"scale.distance"	"20"
"lung_paper_TILD130LA"	"contact.range"	"10"
"lung_paper_TILD130LA"	"Kh"	"0.5"
"lung_paper_TILD130LA"	"n"	"1"
"lung_paper_TILD130LA"	"use.AGAN"	"TRUE"
"lung_paper_TILD130LA"	"min.percent"	"0"
"lung_paper_TILD130LA"	"min.cells.sr"	"1"
"lung_paper_TILD130LA"	"nboot"	"20"
"lung_paper_TILD130LA"	"seed.use"	"20260831"
"lung_teacher_TILD130LA"	"engine"	"SpatialESS_CSR_stream"
"lung_teacher_TILD130LA"	"percentage_filter"	"SpatialCellChat_V3_format_digits1"
"lung_teacher_TILD130LA"	"ratio"	"1"
"lung_teacher_TILD130LA"	"tol"	"5"
"lung_teacher_TILD130LA"	"interaction.range"	"250"
"lung_teacher_TILD130LA"	"scale.distance"	"0.01"
"lung_teacher_TILD130LA"	"contact.range"	"10"
"lung_teacher_TILD130LA"	"Kh"	"0.5"
"lung_teacher_TILD130LA"	"n"	"1"
"lung_teacher_TILD130LA"	"use.AGAN"	"TRUE"
"lung_teacher_TILD130LA"	"min.percent"	"0.1"
"lung_teacher_TILD130LA"	"min.cells.sr"	"5"
"lung_teacher_TILD130LA"	"nboot"	"100"
"lung_teacher_TILD130LA"	"seed.use"	"12"
"lung_paper_TILD167LA"	"engine"	"SpatialESS_CSR_stream"
"lung_paper_TILD167LA"	"percentage_filter"	"SpatialCellChat_V3_format_digits1"
"lung_paper_TILD167LA"	"ratio"	"1"
"lung_paper_TILD167LA"	"tol"	"5"
"lung_paper_TILD167LA"	"interaction.range"	"30"
"lung_paper_TILD167LA"	"scale.distance"	"20"
"lung_paper_TILD167LA"	"contact.range"	"10"
"lung_paper_TILD167LA"	"Kh"	"0.5"
"lung_paper_TILD167LA"	"n"	"1"
"lung_paper_TILD167LA"	"use.AGAN"	"TRUE"
"lung_paper_TILD167LA"	"min.percent"	"0"
"lung_paper_TILD167LA"	"min.cells.sr"	"1"
"lung_paper_TILD167LA"	"nboot"	"20"
"lung_paper_TILD167LA"	"seed.use"	"20260831"
"lung_teacher_TILD167LA"	"engine"	"SpatialESS_CSR_stream"
"lung_teacher_TILD167LA"	"percentage_filter"	"SpatialCellChat_V3_format_digits1"
"lung_teacher_TILD167LA"	"ratio"	"1"
"lung_teacher_TILD167LA"	"tol"	"5"
"lung_teacher_TILD167LA"	"interaction.range"	"250"
"lung_teacher_TILD167LA"	"scale.distance"	"0.01"
"lung_teacher_TILD167LA"	"contact.range"	"10"
"lung_teacher_TILD167LA"	"Kh"	"0.5"
"lung_teacher_TILD167LA"	"n"	"1"
"lung_teacher_TILD167LA"	"use.AGAN"	"TRUE"
"lung_teacher_TILD167LA"	"min.percent"	"0.1"
"lung_teacher_TILD167LA"	"min.cells.sr"	"5"
"lung_teacher_TILD167LA"	"nboot"	"100"
"lung_teacher_TILD167LA"	"seed.use"	"13"
"lung_paper_TILD175MA"	"engine"	"SpatialESS_CSR_stream"
"lung_paper_TILD175MA"	"percentage_filter"	"SpatialCellChat_V3_format_digits1"
"lung_paper_TILD175MA"	"ratio"	"1"
"lung_paper_TILD175MA"	"tol"	"5"
"lung_paper_TILD175MA"	"interaction.range"	"30"
"lung_paper_TILD175MA"	"scale.distance"	"20"
"lung_paper_TILD175MA"	"contact.range"	"10"
"lung_paper_TILD175MA"	"Kh"	"0.5"
"lung_paper_TILD175MA"	"n"	"1"
"lung_paper_TILD175MA"	"use.AGAN"	"TRUE"
"lung_paper_TILD175MA"	"min.percent"	"0"
"lung_paper_TILD175MA"	"min.cells.sr"	"1"
"lung_paper_TILD175MA"	"nboot"	"20"
"lung_paper_TILD175MA"	"seed.use"	"20260831"
"lung_teacher_TILD175MA"	"engine"	"SpatialESS_CSR_stream"
"lung_teacher_TILD175MA"	"percentage_filter"	"SpatialCellChat_V3_format_digits1"
"lung_teacher_TILD175MA"	"ratio"	"1"
"lung_teacher_TILD175MA"	"tol"	"5"
"lung_teacher_TILD175MA"	"interaction.range"	"250"
"lung_teacher_TILD175MA"	"scale.distance"	"0.01"
"lung_teacher_TILD175MA"	"contact.range"	"10"
"lung_teacher_TILD175MA"	"Kh"	"0.5"
"lung_teacher_TILD175MA"	"n"	"1"
"lung_teacher_TILD175MA"	"use.AGAN"	"TRUE"
"lung_teacher_TILD175MA"	"min.percent"	"0.1"
"lung_teacher_TILD175MA"	"min.cells.sr"	"5"
"lung_teacher_TILD175MA"	"nboot"	"100"
"lung_teacher_TILD175MA"	"seed.use"	"14"
"lung_paper_TILD299MA"	"engine"	"SpatialESS_CSR_stream"
"lung_paper_TILD299MA"	"percentage_filter"	"SpatialCellChat_V3_format_digits1"
"lung_paper_TILD299MA"	"ratio"	"1"
"lung_paper_TILD299MA"	"tol"	"5"
"lung_paper_TILD299MA"	"interaction.range"	"30"
"lung_paper_TILD299MA"	"scale.distance"	"20"
"lung_paper_TILD299MA"	"contact.range"	"10"
"lung_paper_TILD299MA"	"Kh"	"0.5"
"lung_paper_TILD299MA"	"n"	"1"
"lung_paper_TILD299MA"	"use.AGAN"	"TRUE"
"lung_paper_TILD299MA"	"min.percent"	"0"
"lung_paper_TILD299MA"	"min.cells.sr"	"1"
"lung_paper_TILD299MA"	"nboot"	"20"
"lung_paper_TILD299MA"	"seed.use"	"20260831"
"lung_teacher_TILD299MA"	"engine"	"SpatialESS_CSR_stream"
"lung_teacher_TILD299MA"	"percentage_filter"	"SpatialCellChat_V3_format_digits1"
"lung_teacher_TILD299MA"	"ratio"	"1"
"lung_teacher_TILD299MA"	"tol"	"5"
"lung_teacher_TILD299MA"	"interaction.range"	"250"
"lung_teacher_TILD299MA"	"scale.distance"	"0.01"
"lung_teacher_TILD299MA"	"contact.range"	"10"
"lung_teacher_TILD299MA"	"Kh"	"0.5"
"lung_teacher_TILD299MA"	"n"	"1"
"lung_teacher_TILD299MA"	"use.AGAN"	"TRUE"
"lung_teacher_TILD299MA"	"min.percent"	"0.1"
"lung_teacher_TILD299MA"	"min.cells.sr"	"5"
"lung_teacher_TILD299MA"	"nboot"	"100"
"lung_teacher_TILD299MA"	"seed.use"	"15"
"lung_paper_TILD315MA"	"engine"	"SpatialESS_CSR_stream"
"lung_paper_TILD315MA"	"percentage_filter"	"SpatialCellChat_V3_format_digits1"
"lung_paper_TILD315MA"	"ratio"	"1"
"lung_paper_TILD315MA"	"tol"	"5"
"lung_paper_TILD315MA"	"interaction.range"	"30"
"lung_paper_TILD315MA"	"scale.distance"	"20"
"lung_paper_TILD315MA"	"contact.range"	"10"
"lung_paper_TILD315MA"	"Kh"	"0.5"
"lung_paper_TILD315MA"	"n"	"1"
"lung_paper_TILD315MA"	"use.AGAN"	"TRUE"
"lung_paper_TILD315MA"	"min.percent"	"0"
"lung_paper_TILD315MA"	"min.cells.sr"	"1"
"lung_paper_TILD315MA"	"nboot"	"20"
"lung_paper_TILD315MA"	"seed.use"	"20260831"
"lung_teacher_TILD315MA"	"engine"	"SpatialESS_CSR_stream"
"lung_teacher_TILD315MA"	"percentage_filter"	"SpatialCellChat_V3_format_digits1"
"lung_teacher_TILD315MA"	"ratio"	"1"
"lung_teacher_TILD315MA"	"tol"	"5"
"lung_teacher_TILD315MA"	"interaction.range"	"250"
"lung_teacher_TILD315MA"	"scale.distance"	"0.01"
"lung_teacher_TILD315MA"	"contact.range"	"10"
"lung_teacher_TILD315MA"	"Kh"	"0.5"
"lung_teacher_TILD315MA"	"n"	"1"
"lung_teacher_TILD315MA"	"use.AGAN"	"TRUE"
"lung_teacher_TILD315MA"	"min.percent"	"0.1"
"lung_teacher_TILD315MA"	"min.cells.sr"	"5"
"lung_teacher_TILD315MA"	"nboot"	"100"
"lung_teacher_TILD315MA"	"seed.use"	"16"
"lung_paper_VUHD038"	"engine"	"SpatialESS_CSR_stream"
"lung_paper_VUHD038"	"percentage_filter"	"SpatialCellChat_V3_format_digits1"
"lung_paper_VUHD038"	"ratio"	"1"
"lung_paper_VUHD038"	"tol"	"5"
"lung_paper_VUHD038"	"interaction.range"	"30"
"lung_paper_VUHD038"	"scale.distance"	"20"
"lung_paper_VUHD038"	"contact.range"	"10"
"lung_paper_VUHD038"	"Kh"	"0.5"
"lung_paper_VUHD038"	"n"	"1"
"lung_paper_VUHD038"	"use.AGAN"	"TRUE"
"lung_paper_VUHD038"	"min.percent"	"0"
"lung_paper_VUHD038"	"min.cells.sr"	"1"
"lung_paper_VUHD038"	"nboot"	"20"
"lung_paper_VUHD038"	"seed.use"	"20260831"
"lung_teacher_VUHD038"	"engine"	"SpatialESS_CSR_stream"
"lung_teacher_VUHD038"	"percentage_filter"	"SpatialCellChat_V3_format_digits1"
"lung_teacher_VUHD038"	"ratio"	"1"
"lung_teacher_VUHD038"	"tol"	"5"
"lung_teacher_VUHD038"	"interaction.range"	"250"
"lung_teacher_VUHD038"	"scale.distance"	"0.01"
"lung_teacher_VUHD038"	"contact.range"	"10"
"lung_teacher_VUHD038"	"Kh"	"0.5"
"lung_teacher_VUHD038"	"n"	"1"
"lung_teacher_VUHD038"	"use.AGAN"	"TRUE"
"lung_teacher_VUHD038"	"min.percent"	"0.1"
"lung_teacher_VUHD038"	"min.cells.sr"	"5"
"lung_teacher_VUHD038"	"nboot"	"100"
"lung_teacher_VUHD038"	"seed.use"	"17"
"lung_paper_VUHD049"	"engine"	"SpatialESS_CSR_stream"
"lung_paper_VUHD049"	"percentage_filter"	"SpatialCellChat_V3_format_digits1"
"lung_paper_VUHD049"	"ratio"	"1"
"lung_paper_VUHD049"	"tol"	"5"
"lung_paper_VUHD049"	"interaction.range"	"30"
"lung_paper_VUHD049"	"scale.distance"	"20"
"lung_paper_VUHD049"	"contact.range"	"10"
"lung_paper_VUHD049"	"Kh"	"0.5"
"lung_paper_VUHD049"	"n"	"1"
"lung_paper_VUHD049"	"use.AGAN"	"TRUE"
"lung_paper_VUHD049"	"min.percent"	"0"
"lung_paper_VUHD049"	"min.cells.sr"	"1"
"lung_paper_VUHD049"	"nboot"	"20"
"lung_paper_VUHD049"	"seed.use"	"20260831"
"lung_teacher_VUHD049"	"engine"	"SpatialESS_CSR_stream"
"lung_teacher_VUHD049"	"percentage_filter"	"SpatialCellChat_V3_format_digits1"
"lung_teacher_VUHD049"	"ratio"	"1"
"lung_teacher_VUHD049"	"tol"	"5"
"lung_teacher_VUHD049"	"interaction.range"	"250"
"lung_teacher_VUHD049"	"scale.distance"	"0.01"
"lung_teacher_VUHD049"	"contact.range"	"10"
"lung_teacher_VUHD049"	"Kh"	"0.5"
"lung_teacher_VUHD049"	"n"	"1"
"lung_teacher_VUHD049"	"use.AGAN"	"TRUE"
"lung_teacher_VUHD049"	"min.percent"	"0.1"
"lung_teacher_VUHD049"	"min.cells.sr"	"5"
"lung_teacher_VUHD049"	"nboot"	"100"
"lung_teacher_VUHD049"	"seed.use"	"18"
"lung_paper_VUHD069"	"engine"	"SpatialESS_CSR_stream"
"lung_paper_VUHD069"	"percentage_filter"	"SpatialCellChat_V3_format_digits1"
"lung_paper_VUHD069"	"ratio"	"1"
"lung_paper_VUHD069"	"tol"	"5"
"lung_paper_VUHD069"	"interaction.range"	"30"
"lung_paper_VUHD069"	"scale.distance"	"20"
"lung_paper_VUHD069"	"contact.range"	"10"
"lung_paper_VUHD069"	"Kh"	"0.5"
"lung_paper_VUHD069"	"n"	"1"
"lung_paper_VUHD069"	"use.AGAN"	"TRUE"
"lung_paper_VUHD069"	"min.percent"	"0"
"lung_paper_VUHD069"	"min.cells.sr"	"1"
"lung_paper_VUHD069"	"nboot"	"20"
"lung_paper_VUHD069"	"seed.use"	"20260831"
"lung_teacher_VUHD069"	"engine"	"SpatialESS_CSR_stream"
"lung_teacher_VUHD069"	"percentage_filter"	"SpatialCellChat_V3_format_digits1"
"lung_teacher_VUHD069"	"ratio"	"1"
"lung_teacher_VUHD069"	"tol"	"5"
"lung_teacher_VUHD069"	"interaction.range"	"250"
"lung_teacher_VUHD069"	"scale.distance"	"0.01"
"lung_teacher_VUHD069"	"contact.range"	"10"
"lung_teacher_VUHD069"	"Kh"	"0.5"
"lung_teacher_VUHD069"	"n"	"1"
"lung_teacher_VUHD069"	"use.AGAN"	"TRUE"
"lung_teacher_VUHD069"	"min.percent"	"0.1"
"lung_teacher_VUHD069"	"min.cells.sr"	"5"
"lung_teacher_VUHD069"	"nboot"	"100"
"lung_teacher_VUHD069"	"seed.use"	"19"
"lung_paper_VUHD090"	"engine"	"SpatialESS_CSR_stream"
"lung_paper_VUHD090"	"percentage_filter"	"SpatialCellChat_V3_format_digits1"
"lung_paper_VUHD090"	"ratio"	"1"
"lung_paper_VUHD090"	"tol"	"5"
"lung_paper_VUHD090"	"interaction.range"	"30"
"lung_paper_VUHD090"	"scale.distance"	"20"
"lung_paper_VUHD090"	"contact.range"	"10"
"lung_paper_VUHD090"	"Kh"	"0.5"
"lung_paper_VUHD090"	"n"	"1"
"lung_paper_VUHD090"	"use.AGAN"	"TRUE"
"lung_paper_VUHD090"	"min.percent"	"0"
"lung_paper_VUHD090"	"min.cells.sr"	"1"
"lung_paper_VUHD090"	"nboot"	"20"
"lung_paper_VUHD090"	"seed.use"	"20260831"
"lung_teacher_VUHD090"	"engine"	"SpatialESS_CSR_stream"
"lung_teacher_VUHD090"	"percentage_filter"	"SpatialCellChat_V3_format_digits1"
"lung_teacher_VUHD090"	"ratio"	"1"
"lung_teacher_VUHD090"	"tol"	"5"
"lung_teacher_VUHD090"	"interaction.range"	"250"
"lung_teacher_VUHD090"	"scale.distance"	"0.01"
"lung_teacher_VUHD090"	"contact.range"	"10"
"lung_teacher_VUHD090"	"Kh"	"0.5"
"lung_teacher_VUHD090"	"n"	"1"
"lung_teacher_VUHD090"	"use.AGAN"	"TRUE"
"lung_teacher_VUHD090"	"min.percent"	"0.1"
"lung_teacher_VUHD090"	"min.cells.sr"	"5"
"lung_teacher_VUHD090"	"nboot"	"100"
"lung_teacher_VUHD090"	"seed.use"	"20"
"lung_paper_VUHD095"	"engine"	"SpatialESS_CSR_stream"
"lung_paper_VUHD095"	"percentage_filter"	"SpatialCellChat_V3_format_digits1"
"lung_paper_VUHD095"	"ratio"	"1"
"lung_paper_VUHD095"	"tol"	"5"
"lung_paper_VUHD095"	"interaction.range"	"30"
"lung_paper_VUHD095"	"scale.distance"	"20"
"lung_paper_VUHD095"	"contact.range"	"10"
"lung_paper_VUHD095"	"Kh"	"0.5"
"lung_paper_VUHD095"	"n"	"1"
"lung_paper_VUHD095"	"use.AGAN"	"TRUE"
"lung_paper_VUHD095"	"min.percent"	"0"
"lung_paper_VUHD095"	"min.cells.sr"	"1"
"lung_paper_VUHD095"	"nboot"	"20"
"lung_paper_VUHD095"	"seed.use"	"20260831"
"lung_teacher_VUHD095"	"engine"	"SpatialESS_CSR_stream"
"lung_teacher_VUHD095"	"percentage_filter"	"SpatialCellChat_V3_format_digits1"
"lung_teacher_VUHD095"	"ratio"	"1"
"lung_teacher_VUHD095"	"tol"	"5"
"lung_teacher_VUHD095"	"interaction.range"	"250"
"lung_teacher_VUHD095"	"scale.distance"	"0.01"
"lung_teacher_VUHD095"	"contact.range"	"10"
"lung_teacher_VUHD095"	"Kh"	"0.5"
"lung_teacher_VUHD095"	"n"	"1"
"lung_teacher_VUHD095"	"use.AGAN"	"TRUE"
"lung_teacher_VUHD095"	"min.percent"	"0.1"
"lung_teacher_VUHD095"	"min.cells.sr"	"5"
"lung_teacher_VUHD095"	"nboot"	"100"
"lung_teacher_VUHD095"	"seed.use"	"21"
"lung_paper_VUHD113"	"engine"	"SpatialESS_CSR_stream"
"lung_paper_VUHD113"	"percentage_filter"	"SpatialCellChat_V3_format_digits1"
"lung_paper_VUHD113"	"ratio"	"1"
"lung_paper_VUHD113"	"tol"	"5"
"lung_paper_VUHD113"	"interaction.range"	"30"
"lung_paper_VUHD113"	"scale.distance"	"20"
"lung_paper_VUHD113"	"contact.range"	"10"
"lung_paper_VUHD113"	"Kh"	"0.5"
"lung_paper_VUHD113"	"n"	"1"
"lung_paper_VUHD113"	"use.AGAN"	"TRUE"
"lung_paper_VUHD113"	"min.percent"	"0"
"lung_paper_VUHD113"	"min.cells.sr"	"1"
"lung_paper_VUHD113"	"nboot"	"20"
"lung_paper_VUHD113"	"seed.use"	"20260831"
"lung_teacher_VUHD113"	"engine"	"SpatialESS_CSR_stream"
"lung_teacher_VUHD113"	"percentage_filter"	"SpatialCellChat_V3_format_digits1"
"lung_teacher_VUHD113"	"ratio"	"1"
"lung_teacher_VUHD113"	"tol"	"5"
"lung_teacher_VUHD113"	"interaction.range"	"250"
"lung_teacher_VUHD113"	"scale.distance"	"0.01"
"lung_teacher_VUHD113"	"contact.range"	"10"
"lung_teacher_VUHD113"	"Kh"	"0.5"
"lung_teacher_VUHD113"	"n"	"1"
"lung_teacher_VUHD113"	"use.AGAN"	"TRUE"
"lung_teacher_VUHD113"	"min.percent"	"0.1"
"lung_teacher_VUHD113"	"min.cells.sr"	"5"
"lung_teacher_VUHD113"	"nboot"	"100"
"lung_teacher_VUHD113"	"seed.use"	"22"
"lung_paper_VUHD116A"	"engine"	"SpatialESS_CSR_stream"
"lung_paper_VUHD116A"	"percentage_filter"	"SpatialCellChat_V3_format_digits1"
"lung_paper_VUHD116A"	"ratio"	"1"
"lung_paper_VUHD116A"	"tol"	"5"
"lung_paper_VUHD116A"	"interaction.range"	"30"
"lung_paper_VUHD116A"	"scale.distance"	"20"
"lung_paper_VUHD116A"	"contact.range"	"10"
"lung_paper_VUHD116A"	"Kh"	"0.5"
"lung_paper_VUHD116A"	"n"	"1"
"lung_paper_VUHD116A"	"use.AGAN"	"TRUE"
"lung_paper_VUHD116A"	"min.percent"	"0"
"lung_paper_VUHD116A"	"min.cells.sr"	"1"
"lung_paper_VUHD116A"	"nboot"	"20"
"lung_paper_VUHD116A"	"seed.use"	"20260831"
"lung_teacher_VUHD116A"	"engine"	"SpatialESS_CSR_stream"
"lung_teacher_VUHD116A"	"percentage_filter"	"SpatialCellChat_V3_format_digits1"
"lung_teacher_VUHD116A"	"ratio"	"1"
"lung_teacher_VUHD116A"	"tol"	"5"
"lung_teacher_VUHD116A"	"interaction.range"	"250"
"lung_teacher_VUHD116A"	"scale.distance"	"0.01"
"lung_teacher_VUHD116A"	"contact.range"	"10"
"lung_teacher_VUHD116A"	"Kh"	"0.5"
"lung_teacher_VUHD116A"	"n"	"1"
"lung_teacher_VUHD116A"	"use.AGAN"	"TRUE"
"lung_teacher_VUHD116A"	"min.percent"	"0.1"
"lung_teacher_VUHD116A"	"min.cells.sr"	"5"
"lung_teacher_VUHD116A"	"nboot"	"100"
"lung_teacher_VUHD116A"	"seed.use"	"23"
"lung_paper_VUHD116B"	"engine"	"SpatialESS_CSR_stream"
"lung_paper_VUHD116B"	"percentage_filter"	"SpatialCellChat_V3_format_digits1"
"lung_paper_VUHD116B"	"ratio"	"1"
"lung_paper_VUHD116B"	"tol"	"5"
"lung_paper_VUHD116B"	"interaction.range"	"30"
"lung_paper_VUHD116B"	"scale.distance"	"20"
"lung_paper_VUHD116B"	"contact.range"	"10"
"lung_paper_VUHD116B"	"Kh"	"0.5"
"lung_paper_VUHD116B"	"n"	"1"
"lung_paper_VUHD116B"	"use.AGAN"	"TRUE"
"lung_paper_VUHD116B"	"min.percent"	"0"
"lung_paper_VUHD116B"	"min.cells.sr"	"1"
"lung_paper_VUHD116B"	"nboot"	"20"
"lung_paper_VUHD116B"	"seed.use"	"20260831"
"lung_teacher_VUHD116B"	"engine"	"SpatialESS_CSR_stream"
"lung_teacher_VUHD116B"	"percentage_filter"	"SpatialCellChat_V3_format_digits1"
"lung_teacher_VUHD116B"	"ratio"	"1"
"lung_teacher_VUHD116B"	"tol"	"5"
"lung_teacher_VUHD116B"	"interaction.range"	"250"
"lung_teacher_VUHD116B"	"scale.distance"	"0.01"
"lung_teacher_VUHD116B"	"contact.range"	"10"
"lung_teacher_VUHD116B"	"Kh"	"0.5"
"lung_teacher_VUHD116B"	"n"	"1"
"lung_teacher_VUHD116B"	"use.AGAN"	"TRUE"
"lung_teacher_VUHD116B"	"min.percent"	"0.1"
"lung_teacher_VUHD116B"	"min.cells.sr"	"5"
"lung_teacher_VUHD116B"	"nboot"	"100"
"lung_teacher_VUHD116B"	"seed.use"	"24"
"lung_paper_VUILD102LA"	"engine"	"SpatialESS_CSR_stream"
"lung_paper_VUILD102LA"	"percentage_filter"	"SpatialCellChat_V3_format_digits1"
"lung_paper_VUILD102LA"	"ratio"	"1"
"lung_paper_VUILD102LA"	"tol"	"5"
"lung_paper_VUILD102LA"	"interaction.range"	"30"
"lung_paper_VUILD102LA"	"scale.distance"	"20"
"lung_paper_VUILD102LA"	"contact.range"	"10"
"lung_paper_VUILD102LA"	"Kh"	"0.5"
"lung_paper_VUILD102LA"	"n"	"1"
"lung_paper_VUILD102LA"	"use.AGAN"	"TRUE"
"lung_paper_VUILD102LA"	"min.percent"	"0"
"lung_paper_VUILD102LA"	"min.cells.sr"	"1"
"lung_paper_VUILD102LA"	"nboot"	"20"
"lung_paper_VUILD102LA"	"seed.use"	"20260831"
"lung_teacher_VUILD102LA"	"engine"	"SpatialESS_CSR_stream"
"lung_teacher_VUILD102LA"	"percentage_filter"	"SpatialCellChat_V3_format_digits1"
"lung_teacher_VUILD102LA"	"ratio"	"1"
"lung_teacher_VUILD102LA"	"tol"	"5"
"lung_teacher_VUILD102LA"	"interaction.range"	"250"
"lung_teacher_VUILD102LA"	"scale.distance"	"0.01"
"lung_teacher_VUILD102LA"	"contact.range"	"10"
"lung_teacher_VUILD102LA"	"Kh"	"0.5"
"lung_teacher_VUILD102LA"	"n"	"1"
"lung_teacher_VUILD102LA"	"use.AGAN"	"TRUE"
"lung_teacher_VUILD102LA"	"min.percent"	"0.1"
"lung_teacher_VUILD102LA"	"min.cells.sr"	"5"
"lung_teacher_VUILD102LA"	"nboot"	"100"
"lung_teacher_VUILD102LA"	"seed.use"	"25"
"lung_paper_VUILD102MA"	"engine"	"SpatialESS_CSR_stream"
"lung_paper_VUILD102MA"	"percentage_filter"	"SpatialCellChat_V3_format_digits1"
"lung_paper_VUILD102MA"	"ratio"	"1"
"lung_paper_VUILD102MA"	"tol"	"5"
"lung_paper_VUILD102MA"	"interaction.range"	"30"
"lung_paper_VUILD102MA"	"scale.distance"	"20"
"lung_paper_VUILD102MA"	"contact.range"	"10"
"lung_paper_VUILD102MA"	"Kh"	"0.5"
"lung_paper_VUILD102MA"	"n"	"1"
"lung_paper_VUILD102MA"	"use.AGAN"	"TRUE"
"lung_paper_VUILD102MA"	"min.percent"	"0"
"lung_paper_VUILD102MA"	"min.cells.sr"	"1"
"lung_paper_VUILD102MA"	"nboot"	"20"
"lung_paper_VUILD102MA"	"seed.use"	"20260831"
"lung_teacher_VUILD102MA"	"engine"	"SpatialESS_CSR_stream"
"lung_teacher_VUILD102MA"	"percentage_filter"	"SpatialCellChat_V3_format_digits1"
"lung_teacher_VUILD102MA"	"ratio"	"1"
"lung_teacher_VUILD102MA"	"tol"	"5"
"lung_teacher_VUILD102MA"	"interaction.range"	"250"
"lung_teacher_VUILD102MA"	"scale.distance"	"0.01"
"lung_teacher_VUILD102MA"	"contact.range"	"10"
"lung_teacher_VUILD102MA"	"Kh"	"0.5"
"lung_teacher_VUILD102MA"	"n"	"1"
"lung_teacher_VUILD102MA"	"use.AGAN"	"TRUE"
"lung_teacher_VUILD102MA"	"min.percent"	"0.1"
"lung_teacher_VUILD102MA"	"min.cells.sr"	"5"
"lung_teacher_VUILD102MA"	"nboot"	"100"
"lung_teacher_VUILD102MA"	"seed.use"	"26"
"lung_paper_VUILD104MA1"	"engine"	"SpatialESS_CSR_stream"
"lung_paper_VUILD104MA1"	"percentage_filter"	"SpatialCellChat_V3_format_digits1"
"lung_paper_VUILD104MA1"	"ratio"	"1"
"lung_paper_VUILD104MA1"	"tol"	"5"
"lung_paper_VUILD104MA1"	"interaction.range"	"30"
"lung_paper_VUILD104MA1"	"scale.distance"	"20"
"lung_paper_VUILD104MA1"	"contact.range"	"10"
"lung_paper_VUILD104MA1"	"Kh"	"0.5"
"lung_paper_VUILD104MA1"	"n"	"1"
"lung_paper_VUILD104MA1"	"use.AGAN"	"TRUE"
"lung_paper_VUILD104MA1"	"min.percent"	"0"
"lung_paper_VUILD104MA1"	"min.cells.sr"	"1"
"lung_paper_VUILD104MA1"	"nboot"	"20"
"lung_paper_VUILD104MA1"	"seed.use"	"20260831"
"lung_teacher_VUILD104MA1"	"engine"	"SpatialESS_CSR_stream"
"lung_teacher_VUILD104MA1"	"percentage_filter"	"SpatialCellChat_V3_format_digits1"
"lung_teacher_VUILD104MA1"	"ratio"	"1"
"lung_teacher_VUILD104MA1"	"tol"	"5"
"lung_teacher_VUILD104MA1"	"interaction.range"	"250"
"lung_teacher_VUILD104MA1"	"scale.distance"	"0.01"
"lung_teacher_VUILD104MA1"	"contact.range"	"10"
"lung_teacher_VUILD104MA1"	"Kh"	"0.5"
"lung_teacher_VUILD104MA1"	"n"	"1"
"lung_teacher_VUILD104MA1"	"use.AGAN"	"TRUE"
"lung_teacher_VUILD104MA1"	"min.percent"	"0.1"
"lung_teacher_VUILD104MA1"	"min.cells.sr"	"5"
"lung_teacher_VUILD104MA1"	"nboot"	"100"
"lung_teacher_VUILD104MA1"	"seed.use"	"27"
"lung_paper_VUILD104MA2"	"engine"	"SpatialESS_CSR_stream"
"lung_paper_VUILD104MA2"	"percentage_filter"	"SpatialCellChat_V3_format_digits1"
"lung_paper_VUILD104MA2"	"ratio"	"1"
"lung_paper_VUILD104MA2"	"tol"	"5"
"lung_paper_VUILD104MA2"	"interaction.range"	"30"
"lung_paper_VUILD104MA2"	"scale.distance"	"20"
"lung_paper_VUILD104MA2"	"contact.range"	"10"
"lung_paper_VUILD104MA2"	"Kh"	"0.5"
"lung_paper_VUILD104MA2"	"n"	"1"
"lung_paper_VUILD104MA2"	"use.AGAN"	"TRUE"
"lung_paper_VUILD104MA2"	"min.percent"	"0"
"lung_paper_VUILD104MA2"	"min.cells.sr"	"1"
"lung_paper_VUILD104MA2"	"nboot"	"20"
"lung_paper_VUILD104MA2"	"seed.use"	"20260831"
"lung_teacher_VUILD104MA2"	"engine"	"SpatialESS_CSR_stream"
"lung_teacher_VUILD104MA2"	"percentage_filter"	"SpatialCellChat_V3_format_digits1"
"lung_teacher_VUILD104MA2"	"ratio"	"1"
"lung_teacher_VUILD104MA2"	"tol"	"5"
"lung_teacher_VUILD104MA2"	"interaction.range"	"250"
"lung_teacher_VUILD104MA2"	"scale.distance"	"0.01"
"lung_teacher_VUILD104MA2"	"contact.range"	"10"
"lung_teacher_VUILD104MA2"	"Kh"	"0.5"
"lung_teacher_VUILD104MA2"	"n"	"1"
"lung_teacher_VUILD104MA2"	"use.AGAN"	"TRUE"
"lung_teacher_VUILD104MA2"	"min.percent"	"0.1"
"lung_teacher_VUILD104MA2"	"min.cells.sr"	"5"
"lung_teacher_VUILD104MA2"	"nboot"	"100"
"lung_teacher_VUILD104MA2"	"seed.use"	"28"
"lung_paper_VUILD105MA1"	"engine"	"SpatialESS_CSR_stream"
"lung_paper_VUILD105MA1"	"percentage_filter"	"SpatialCellChat_V3_format_digits1"
"lung_paper_VUILD105MA1"	"ratio"	"1"
"lung_paper_VUILD105MA1"	"tol"	"5"
"lung_paper_VUILD105MA1"	"interaction.range"	"30"
"lung_paper_VUILD105MA1"	"scale.distance"	"20"
"lung_paper_VUILD105MA1"	"contact.range"	"10"
"lung_paper_VUILD105MA1"	"Kh"	"0.5"
"lung_paper_VUILD105MA1"	"n"	"1"
"lung_paper_VUILD105MA1"	"use.AGAN"	"TRUE"
"lung_paper_VUILD105MA1"	"min.percent"	"0"
"lung_paper_VUILD105MA1"	"min.cells.sr"	"1"
"lung_paper_VUILD105MA1"	"nboot"	"20"
"lung_paper_VUILD105MA1"	"seed.use"	"20260831"
"lung_teacher_VUILD105MA1"	"engine"	"SpatialESS_CSR_stream"
"lung_teacher_VUILD105MA1"	"percentage_filter"	"SpatialCellChat_V3_format_digits1"
"lung_teacher_VUILD105MA1"	"ratio"	"1"
"lung_teacher_VUILD105MA1"	"tol"	"5"
"lung_teacher_VUILD105MA1"	"interaction.range"	"250"
"lung_teacher_VUILD105MA1"	"scale.distance"	"0.01"
"lung_teacher_VUILD105MA1"	"contact.range"	"10"
"lung_teacher_VUILD105MA1"	"Kh"	"0.5"
"lung_teacher_VUILD105MA1"	"n"	"1"
"lung_teacher_VUILD105MA1"	"use.AGAN"	"TRUE"
"lung_teacher_VUILD105MA1"	"min.percent"	"0.1"
"lung_teacher_VUILD105MA1"	"min.cells.sr"	"5"
"lung_teacher_VUILD105MA1"	"nboot"	"100"
"lung_teacher_VUILD105MA1"	"seed.use"	"29"
"lung_paper_VUILD105MA2"	"engine"	"SpatialESS_CSR_stream"
"lung_paper_VUILD105MA2"	"percentage_filter"	"SpatialCellChat_V3_format_digits1"
"lung_paper_VUILD105MA2"	"ratio"	"1"
"lung_paper_VUILD105MA2"	"tol"	"5"
"lung_paper_VUILD105MA2"	"interaction.range"	"30"
"lung_paper_VUILD105MA2"	"scale.distance"	"20"
"lung_paper_VUILD105MA2"	"contact.range"	"10"
"lung_paper_VUILD105MA2"	"Kh"	"0.5"
"lung_paper_VUILD105MA2"	"n"	"1"
"lung_paper_VUILD105MA2"	"use.AGAN"	"TRUE"
"lung_paper_VUILD105MA2"	"min.percent"	"0"
"lung_paper_VUILD105MA2"	"min.cells.sr"	"1"
"lung_paper_VUILD105MA2"	"nboot"	"20"
"lung_paper_VUILD105MA2"	"seed.use"	"20260831"
"lung_teacher_VUILD105MA2"	"engine"	"SpatialESS_CSR_stream"
"lung_teacher_VUILD105MA2"	"percentage_filter"	"SpatialCellChat_V3_format_digits1"
"lung_teacher_VUILD105MA2"	"ratio"	"1"
"lung_teacher_VUILD105MA2"	"tol"	"5"
"lung_teacher_VUILD105MA2"	"interaction.range"	"250"
"lung_teacher_VUILD105MA2"	"scale.distance"	"0.01"
"lung_teacher_VUILD105MA2"	"contact.range"	"10"
"lung_teacher_VUILD105MA2"	"Kh"	"0.5"
"lung_teacher_VUILD105MA2"	"n"	"1"
"lung_teacher_VUILD105MA2"	"use.AGAN"	"TRUE"
"lung_teacher_VUILD105MA2"	"min.percent"	"0.1"
"lung_teacher_VUILD105MA2"	"min.cells.sr"	"5"
"lung_teacher_VUILD105MA2"	"nboot"	"100"
"lung_teacher_VUILD105MA2"	"seed.use"	"30"
"lung_paper_VUILD106MA"	"engine"	"SpatialESS_CSR_stream"
"lung_paper_VUILD106MA"	"percentage_filter"	"SpatialCellChat_V3_format_digits1"
"lung_paper_VUILD106MA"	"ratio"	"1"
"lung_paper_VUILD106MA"	"tol"	"5"
"lung_paper_VUILD106MA"	"interaction.range"	"30"
"lung_paper_VUILD106MA"	"scale.distance"	"20"
"lung_paper_VUILD106MA"	"contact.range"	"10"
"lung_paper_VUILD106MA"	"Kh"	"0.5"
"lung_paper_VUILD106MA"	"n"	"1"
"lung_paper_VUILD106MA"	"use.AGAN"	"TRUE"
"lung_paper_VUILD106MA"	"min.percent"	"0"
"lung_paper_VUILD106MA"	"min.cells.sr"	"1"
"lung_paper_VUILD106MA"	"nboot"	"20"
"lung_paper_VUILD106MA"	"seed.use"	"20260831"
"lung_teacher_VUILD106MA"	"engine"	"SpatialESS_CSR_stream"
"lung_teacher_VUILD106MA"	"percentage_filter"	"SpatialCellChat_V3_format_digits1"
"lung_teacher_VUILD106MA"	"ratio"	"1"
"lung_teacher_VUILD106MA"	"tol"	"5"
"lung_teacher_VUILD106MA"	"interaction.range"	"250"
"lung_teacher_VUILD106MA"	"scale.distance"	"0.01"
"lung_teacher_VUILD106MA"	"contact.range"	"10"
"lung_teacher_VUILD106MA"	"Kh"	"0.5"
"lung_teacher_VUILD106MA"	"n"	"1"
"lung_teacher_VUILD106MA"	"use.AGAN"	"TRUE"
"lung_teacher_VUILD106MA"	"min.percent"	"0.1"
"lung_teacher_VUILD106MA"	"min.cells.sr"	"5"
"lung_teacher_VUILD106MA"	"nboot"	"100"
"lung_teacher_VUILD106MA"	"seed.use"	"31"
"lung_paper_VUILD107MA"	"engine"	"SpatialESS_CSR_stream"
"lung_paper_VUILD107MA"	"percentage_filter"	"SpatialCellChat_V3_format_digits1"
"lung_paper_VUILD107MA"	"ratio"	"1"
"lung_paper_VUILD107MA"	"tol"	"5"
"lung_paper_VUILD107MA"	"interaction.range"	"30"
"lung_paper_VUILD107MA"	"scale.distance"	"20"
"lung_paper_VUILD107MA"	"contact.range"	"10"
"lung_paper_VUILD107MA"	"Kh"	"0.5"
"lung_paper_VUILD107MA"	"n"	"1"
"lung_paper_VUILD107MA"	"use.AGAN"	"TRUE"
"lung_paper_VUILD107MA"	"min.percent"	"0"
"lung_paper_VUILD107MA"	"min.cells.sr"	"1"
"lung_paper_VUILD107MA"	"nboot"	"20"
"lung_paper_VUILD107MA"	"seed.use"	"20260831"
"lung_teacher_VUILD107MA"	"engine"	"SpatialESS_CSR_stream"
"lung_teacher_VUILD107MA"	"percentage_filter"	"SpatialCellChat_V3_format_digits1"
"lung_teacher_VUILD107MA"	"ratio"	"1"
"lung_teacher_VUILD107MA"	"tol"	"5"
"lung_teacher_VUILD107MA"	"interaction.range"	"250"
"lung_teacher_VUILD107MA"	"scale.distance"	"0.01"
"lung_teacher_VUILD107MA"	"contact.range"	"10"
"lung_teacher_VUILD107MA"	"Kh"	"0.5"
"lung_teacher_VUILD107MA"	"n"	"1"
"lung_teacher_VUILD107MA"	"use.AGAN"	"TRUE"
"lung_teacher_VUILD107MA"	"min.percent"	"0.1"
"lung_teacher_VUILD107MA"	"min.cells.sr"	"5"
"lung_teacher_VUILD107MA"	"nboot"	"100"
"lung_teacher_VUILD107MA"	"seed.use"	"32"
"lung_paper_VUILD110LA"	"engine"	"SpatialESS_CSR_stream"
"lung_paper_VUILD110LA"	"percentage_filter"	"SpatialCellChat_V3_format_digits1"
"lung_paper_VUILD110LA"	"ratio"	"1"
"lung_paper_VUILD110LA"	"tol"	"5"
"lung_paper_VUILD110LA"	"interaction.range"	"30"
"lung_paper_VUILD110LA"	"scale.distance"	"20"
"lung_paper_VUILD110LA"	"contact.range"	"10"
"lung_paper_VUILD110LA"	"Kh"	"0.5"
"lung_paper_VUILD110LA"	"n"	"1"
"lung_paper_VUILD110LA"	"use.AGAN"	"TRUE"
"lung_paper_VUILD110LA"	"min.percent"	"0"
"lung_paper_VUILD110LA"	"min.cells.sr"	"1"
"lung_paper_VUILD110LA"	"nboot"	"20"
"lung_paper_VUILD110LA"	"seed.use"	"20260831"
"lung_teacher_VUILD110LA"	"engine"	"SpatialESS_CSR_stream"
"lung_teacher_VUILD110LA"	"percentage_filter"	"SpatialCellChat_V3_format_digits1"
"lung_teacher_VUILD110LA"	"ratio"	"1"
"lung_teacher_VUILD110LA"	"tol"	"5"
"lung_teacher_VUILD110LA"	"interaction.range"	"250"
"lung_teacher_VUILD110LA"	"scale.distance"	"0.01"
"lung_teacher_VUILD110LA"	"contact.range"	"10"
"lung_teacher_VUILD110LA"	"Kh"	"0.5"
"lung_teacher_VUILD110LA"	"n"	"1"
"lung_teacher_VUILD110LA"	"use.AGAN"	"TRUE"
"lung_teacher_VUILD110LA"	"min.percent"	"0.1"
"lung_teacher_VUILD110LA"	"min.cells.sr"	"5"
"lung_teacher_VUILD110LA"	"nboot"	"100"
"lung_teacher_VUILD110LA"	"seed.use"	"33"
"lung_paper_VUILD115MA"	"engine"	"SpatialESS_CSR_stream"
"lung_paper_VUILD115MA"	"percentage_filter"	"SpatialCellChat_V3_format_digits1"
"lung_paper_VUILD115MA"	"ratio"	"1"
"lung_paper_VUILD115MA"	"tol"	"5"
"lung_paper_VUILD115MA"	"interaction.range"	"30"
"lung_paper_VUILD115MA"	"scale.distance"	"20"
"lung_paper_VUILD115MA"	"contact.range"	"10"
"lung_paper_VUILD115MA"	"Kh"	"0.5"
"lung_paper_VUILD115MA"	"n"	"1"
"lung_paper_VUILD115MA"	"use.AGAN"	"TRUE"
"lung_paper_VUILD115MA"	"min.percent"	"0"
"lung_paper_VUILD115MA"	"min.cells.sr"	"1"
"lung_paper_VUILD115MA"	"nboot"	"20"
"lung_paper_VUILD115MA"	"seed.use"	"20260831"
"lung_teacher_VUILD115MA"	"engine"	"SpatialESS_CSR_stream"
"lung_teacher_VUILD115MA"	"percentage_filter"	"SpatialCellChat_V3_format_digits1"
"lung_teacher_VUILD115MA"	"ratio"	"1"
"lung_teacher_VUILD115MA"	"tol"	"5"
"lung_teacher_VUILD115MA"	"interaction.range"	"250"
"lung_teacher_VUILD115MA"	"scale.distance"	"0.01"
"lung_teacher_VUILD115MA"	"contact.range"	"10"
"lung_teacher_VUILD115MA"	"Kh"	"0.5"
"lung_teacher_VUILD115MA"	"n"	"1"
"lung_teacher_VUILD115MA"	"use.AGAN"	"TRUE"
"lung_teacher_VUILD115MA"	"min.percent"	"0.1"
"lung_teacher_VUILD115MA"	"min.cells.sr"	"5"
"lung_teacher_VUILD115MA"	"nboot"	"100"
"lung_teacher_VUILD115MA"	"seed.use"	"34"
"lung_paper_VUILD141MA"	"engine"	"SpatialESS_CSR_stream"
"lung_paper_VUILD141MA"	"percentage_filter"	"SpatialCellChat_V3_format_digits1"
"lung_paper_VUILD141MA"	"ratio"	"1"
"lung_paper_VUILD141MA"	"tol"	"5"
"lung_paper_VUILD141MA"	"interaction.range"	"30"
"lung_paper_VUILD141MA"	"scale.distance"	"20"
"lung_paper_VUILD141MA"	"contact.range"	"10"
"lung_paper_VUILD141MA"	"Kh"	"0.5"
"lung_paper_VUILD141MA"	"n"	"1"
"lung_paper_VUILD141MA"	"use.AGAN"	"TRUE"
"lung_paper_VUILD141MA"	"min.percent"	"0"
"lung_paper_VUILD141MA"	"min.cells.sr"	"1"
"lung_paper_VUILD141MA"	"nboot"	"20"
"lung_paper_VUILD141MA"	"seed.use"	"20260831"
"lung_teacher_VUILD141MA"	"engine"	"SpatialESS_CSR_stream"
"lung_teacher_VUILD141MA"	"percentage_filter"	"SpatialCellChat_V3_format_digits1"
"lung_teacher_VUILD141MA"	"ratio"	"1"
"lung_teacher_VUILD141MA"	"tol"	"5"
"lung_teacher_VUILD141MA"	"interaction.range"	"250"
"lung_teacher_VUILD141MA"	"scale.distance"	"0.01"
"lung_teacher_VUILD141MA"	"contact.range"	"10"
"lung_teacher_VUILD141MA"	"Kh"	"0.5"
"lung_teacher_VUILD141MA"	"n"	"1"
"lung_teacher_VUILD141MA"	"use.AGAN"	"TRUE"
"lung_teacher_VUILD141MA"	"min.percent"	"0.1"
"lung_teacher_VUILD141MA"	"min.cells.sr"	"5"
"lung_teacher_VUILD141MA"	"nboot"	"100"
"lung_teacher_VUILD141MA"	"seed.use"	"35"
"lung_paper_VUILD142MA"	"engine"	"SpatialESS_CSR_stream"
"lung_paper_VUILD142MA"	"percentage_filter"	"SpatialCellChat_V3_format_digits1"
"lung_paper_VUILD142MA"	"ratio"	"1"
"lung_paper_VUILD142MA"	"tol"	"5"
"lung_paper_VUILD142MA"	"interaction.range"	"30"
"lung_paper_VUILD142MA"	"scale.distance"	"20"
"lung_paper_VUILD142MA"	"contact.range"	"10"
"lung_paper_VUILD142MA"	"Kh"	"0.5"
"lung_paper_VUILD142MA"	"n"	"1"
"lung_paper_VUILD142MA"	"use.AGAN"	"TRUE"
"lung_paper_VUILD142MA"	"min.percent"	"0"
"lung_paper_VUILD142MA"	"min.cells.sr"	"1"
"lung_paper_VUILD142MA"	"nboot"	"20"
"lung_paper_VUILD142MA"	"seed.use"	"20260831"
"lung_teacher_VUILD142MA"	"engine"	"SpatialESS_CSR_stream"
"lung_teacher_VUILD142MA"	"percentage_filter"	"SpatialCellChat_V3_format_digits1"
"lung_teacher_VUILD142MA"	"ratio"	"1"
"lung_teacher_VUILD142MA"	"tol"	"5"
"lung_teacher_VUILD142MA"	"interaction.range"	"250"
"lung_teacher_VUILD142MA"	"scale.distance"	"0.01"
"lung_teacher_VUILD142MA"	"contact.range"	"10"
"lung_teacher_VUILD142MA"	"Kh"	"0.5"
"lung_teacher_VUILD142MA"	"n"	"1"
"lung_teacher_VUILD142MA"	"use.AGAN"	"TRUE"
"lung_teacher_VUILD142MA"	"min.percent"	"0.1"
"lung_teacher_VUILD142MA"	"min.cells.sr"	"5"
"lung_teacher_VUILD142MA"	"nboot"	"100"
"lung_teacher_VUILD142MA"	"seed.use"	"36"
"lung_paper_VUILD48LA1"	"engine"	"SpatialESS_CSR_stream"
"lung_paper_VUILD48LA1"	"percentage_filter"	"SpatialCellChat_V3_format_digits1"
"lung_paper_VUILD48LA1"	"ratio"	"1"
"lung_paper_VUILD48LA1"	"tol"	"5"
"lung_paper_VUILD48LA1"	"interaction.range"	"30"
"lung_paper_VUILD48LA1"	"scale.distance"	"20"
"lung_paper_VUILD48LA1"	"contact.range"	"10"
"lung_paper_VUILD48LA1"	"Kh"	"0.5"
"lung_paper_VUILD48LA1"	"n"	"1"
"lung_paper_VUILD48LA1"	"use.AGAN"	"TRUE"
"lung_paper_VUILD48LA1"	"min.percent"	"0"
"lung_paper_VUILD48LA1"	"min.cells.sr"	"1"
"lung_paper_VUILD48LA1"	"nboot"	"20"
"lung_paper_VUILD48LA1"	"seed.use"	"20260831"
"lung_teacher_VUILD48LA1"	"engine"	"SpatialESS_CSR_stream"
"lung_teacher_VUILD48LA1"	"percentage_filter"	"SpatialCellChat_V3_format_digits1"
"lung_teacher_VUILD48LA1"	"ratio"	"1"
"lung_teacher_VUILD48LA1"	"tol"	"5"
"lung_teacher_VUILD48LA1"	"interaction.range"	"250"
"lung_teacher_VUILD48LA1"	"scale.distance"	"0.01"
"lung_teacher_VUILD48LA1"	"contact.range"	"10"
"lung_teacher_VUILD48LA1"	"Kh"	"0.5"
"lung_teacher_VUILD48LA1"	"n"	"1"
"lung_teacher_VUILD48LA1"	"use.AGAN"	"TRUE"
"lung_teacher_VUILD48LA1"	"min.percent"	"0.1"
"lung_teacher_VUILD48LA1"	"min.cells.sr"	"5"
"lung_teacher_VUILD48LA1"	"nboot"	"100"
"lung_teacher_VUILD48LA1"	"seed.use"	"37"
"lung_paper_VUILD48LA2"	"engine"	"SpatialESS_CSR_stream"
"lung_paper_VUILD48LA2"	"percentage_filter"	"SpatialCellChat_V3_format_digits1"
"lung_paper_VUILD48LA2"	"ratio"	"1"
"lung_paper_VUILD48LA2"	"tol"	"5"
"lung_paper_VUILD48LA2"	"interaction.range"	"30"
"lung_paper_VUILD48LA2"	"scale.distance"	"20"
"lung_paper_VUILD48LA2"	"contact.range"	"10"
"lung_paper_VUILD48LA2"	"Kh"	"0.5"
"lung_paper_VUILD48LA2"	"n"	"1"
"lung_paper_VUILD48LA2"	"use.AGAN"	"TRUE"
"lung_paper_VUILD48LA2"	"min.percent"	"0"
"lung_paper_VUILD48LA2"	"min.cells.sr"	"1"
"lung_paper_VUILD48LA2"	"nboot"	"20"
"lung_paper_VUILD48LA2"	"seed.use"	"20260831"
"lung_teacher_VUILD48LA2"	"engine"	"SpatialESS_CSR_stream"
"lung_teacher_VUILD48LA2"	"percentage_filter"	"SpatialCellChat_V3_format_digits1"
"lung_teacher_VUILD48LA2"	"ratio"	"1"
"lung_teacher_VUILD48LA2"	"tol"	"5"
"lung_teacher_VUILD48LA2"	"interaction.range"	"250"
"lung_teacher_VUILD48LA2"	"scale.distance"	"0.01"
"lung_teacher_VUILD48LA2"	"contact.range"	"10"
"lung_teacher_VUILD48LA2"	"Kh"	"0.5"
"lung_teacher_VUILD48LA2"	"n"	"1"
"lung_teacher_VUILD48LA2"	"use.AGAN"	"TRUE"
"lung_teacher_VUILD48LA2"	"min.percent"	"0.1"
"lung_teacher_VUILD48LA2"	"min.cells.sr"	"5"
"lung_teacher_VUILD48LA2"	"nboot"	"100"
"lung_teacher_VUILD48LA2"	"seed.use"	"38"
"lung_paper_VUILD49LA"	"engine"	"SpatialESS_CSR_stream"
"lung_paper_VUILD49LA"	"percentage_filter"	"SpatialCellChat_V3_format_digits1"
"lung_paper_VUILD49LA"	"ratio"	"1"
"lung_paper_VUILD49LA"	"tol"	"5"
"lung_paper_VUILD49LA"	"interaction.range"	"30"
"lung_paper_VUILD49LA"	"scale.distance"	"20"
"lung_paper_VUILD49LA"	"contact.range"	"10"
"lung_paper_VUILD49LA"	"Kh"	"0.5"
"lung_paper_VUILD49LA"	"n"	"1"
"lung_paper_VUILD49LA"	"use.AGAN"	"TRUE"
"lung_paper_VUILD49LA"	"min.percent"	"0"
"lung_paper_VUILD49LA"	"min.cells.sr"	"1"
"lung_paper_VUILD49LA"	"nboot"	"20"
"lung_paper_VUILD49LA"	"seed.use"	"20260831"
"lung_teacher_VUILD49LA"	"engine"	"SpatialESS_CSR_stream"
"lung_teacher_VUILD49LA"	"percentage_filter"	"SpatialCellChat_V3_format_digits1"
"lung_teacher_VUILD49LA"	"ratio"	"1"
"lung_teacher_VUILD49LA"	"tol"	"5"
"lung_teacher_VUILD49LA"	"interaction.range"	"250"
"lung_teacher_VUILD49LA"	"scale.distance"	"0.01"
"lung_teacher_VUILD49LA"	"contact.range"	"10"
"lung_teacher_VUILD49LA"	"Kh"	"0.5"
"lung_teacher_VUILD49LA"	"n"	"1"
"lung_teacher_VUILD49LA"	"use.AGAN"	"TRUE"
"lung_teacher_VUILD49LA"	"min.percent"	"0.1"
"lung_teacher_VUILD49LA"	"min.cells.sr"	"5"
"lung_teacher_VUILD49LA"	"nboot"	"100"
"lung_teacher_VUILD49LA"	"seed.use"	"39"
"lung_paper_VUILD58MA"	"engine"	"SpatialESS_CSR_stream"
"lung_paper_VUILD58MA"	"percentage_filter"	"SpatialCellChat_V3_format_digits1"
"lung_paper_VUILD58MA"	"ratio"	"1"
"lung_paper_VUILD58MA"	"tol"	"5"
"lung_paper_VUILD58MA"	"interaction.range"	"30"
"lung_paper_VUILD58MA"	"scale.distance"	"20"
"lung_paper_VUILD58MA"	"contact.range"	"10"
"lung_paper_VUILD58MA"	"Kh"	"0.5"
"lung_paper_VUILD58MA"	"n"	"1"
"lung_paper_VUILD58MA"	"use.AGAN"	"TRUE"
"lung_paper_VUILD58MA"	"min.percent"	"0"
"lung_paper_VUILD58MA"	"min.cells.sr"	"1"
"lung_paper_VUILD58MA"	"nboot"	"20"
"lung_paper_VUILD58MA"	"seed.use"	"20260831"
"lung_teacher_VUILD58MA"	"engine"	"SpatialESS_CSR_stream"
"lung_teacher_VUILD58MA"	"percentage_filter"	"SpatialCellChat_V3_format_digits1"
"lung_teacher_VUILD58MA"	"ratio"	"1"
"lung_teacher_VUILD58MA"	"tol"	"5"
"lung_teacher_VUILD58MA"	"interaction.range"	"250"
"lung_teacher_VUILD58MA"	"scale.distance"	"0.01"
"lung_teacher_VUILD58MA"	"contact.range"	"10"
"lung_teacher_VUILD58MA"	"Kh"	"0.5"
"lung_teacher_VUILD58MA"	"n"	"1"
"lung_teacher_VUILD58MA"	"use.AGAN"	"TRUE"
"lung_teacher_VUILD58MA"	"min.percent"	"0.1"
"lung_teacher_VUILD58MA"	"min.cells.sr"	"5"
"lung_teacher_VUILD58MA"	"nboot"	"100"
"lung_teacher_VUILD58MA"	"seed.use"	"40"
"lung_paper_VUILD78LA"	"engine"	"SpatialESS_CSR_stream"
"lung_paper_VUILD78LA"	"percentage_filter"	"SpatialCellChat_V3_format_digits1"
"lung_paper_VUILD78LA"	"ratio"	"1"
"lung_paper_VUILD78LA"	"tol"	"5"
"lung_paper_VUILD78LA"	"interaction.range"	"30"
"lung_paper_VUILD78LA"	"scale.distance"	"20"
"lung_paper_VUILD78LA"	"contact.range"	"10"
"lung_paper_VUILD78LA"	"Kh"	"0.5"
"lung_paper_VUILD78LA"	"n"	"1"
"lung_paper_VUILD78LA"	"use.AGAN"	"TRUE"
"lung_paper_VUILD78LA"	"min.percent"	"0"
"lung_paper_VUILD78LA"	"min.cells.sr"	"1"
"lung_paper_VUILD78LA"	"nboot"	"20"
"lung_paper_VUILD78LA"	"seed.use"	"20260831"
"lung_teacher_VUILD78LA"	"engine"	"SpatialESS_CSR_stream"
"lung_teacher_VUILD78LA"	"percentage_filter"	"SpatialCellChat_V3_format_digits1"
"lung_teacher_VUILD78LA"	"ratio"	"1"
"lung_teacher_VUILD78LA"	"tol"	"5"
"lung_teacher_VUILD78LA"	"interaction.range"	"250"
"lung_teacher_VUILD78LA"	"scale.distance"	"0.01"
"lung_teacher_VUILD78LA"	"contact.range"	"10"
"lung_teacher_VUILD78LA"	"Kh"	"0.5"
"lung_teacher_VUILD78LA"	"n"	"1"
"lung_teacher_VUILD78LA"	"use.AGAN"	"TRUE"
"lung_teacher_VUILD78LA"	"min.percent"	"0.1"
"lung_teacher_VUILD78LA"	"min.cells.sr"	"5"
"lung_teacher_VUILD78LA"	"nboot"	"100"
"lung_teacher_VUILD78LA"	"seed.use"	"41"
"lung_paper_VUILD78MA"	"engine"	"SpatialESS_CSR_stream"
"lung_paper_VUILD78MA"	"percentage_filter"	"SpatialCellChat_V3_format_digits1"
"lung_paper_VUILD78MA"	"ratio"	"1"
"lung_paper_VUILD78MA"	"tol"	"5"
"lung_paper_VUILD78MA"	"interaction.range"	"30"
"lung_paper_VUILD78MA"	"scale.distance"	"20"
"lung_paper_VUILD78MA"	"contact.range"	"10"
"lung_paper_VUILD78MA"	"Kh"	"0.5"
"lung_paper_VUILD78MA"	"n"	"1"
"lung_paper_VUILD78MA"	"use.AGAN"	"TRUE"
"lung_paper_VUILD78MA"	"min.percent"	"0"
"lung_paper_VUILD78MA"	"min.cells.sr"	"1"
"lung_paper_VUILD78MA"	"nboot"	"20"
"lung_paper_VUILD78MA"	"seed.use"	"20260831"
"lung_teacher_VUILD78MA"	"engine"	"SpatialESS_CSR_stream"
"lung_teacher_VUILD78MA"	"percentage_filter"	"SpatialCellChat_V3_format_digits1"
"lung_teacher_VUILD78MA"	"ratio"	"1"
"lung_teacher_VUILD78MA"	"tol"	"5"
"lung_teacher_VUILD78MA"	"interaction.range"	"250"
"lung_teacher_VUILD78MA"	"scale.distance"	"0.01"
"lung_teacher_VUILD78MA"	"contact.range"	"10"
"lung_teacher_VUILD78MA"	"Kh"	"0.5"
"lung_teacher_VUILD78MA"	"n"	"1"
"lung_teacher_VUILD78MA"	"use.AGAN"	"TRUE"
"lung_teacher_VUILD78MA"	"min.percent"	"0.1"
"lung_teacher_VUILD78MA"	"min.cells.sr"	"5"
"lung_teacher_VUILD78MA"	"nboot"	"100"
"lung_teacher_VUILD78MA"	"seed.use"	"42"
"lung_paper_VUILD91LA"	"engine"	"SpatialESS_CSR_stream"
"lung_paper_VUILD91LA"	"percentage_filter"	"SpatialCellChat_V3_format_digits1"
"lung_paper_VUILD91LA"	"ratio"	"1"
"lung_paper_VUILD91LA"	"tol"	"5"
"lung_paper_VUILD91LA"	"interaction.range"	"30"
"lung_paper_VUILD91LA"	"scale.distance"	"20"
"lung_paper_VUILD91LA"	"contact.range"	"10"
"lung_paper_VUILD91LA"	"Kh"	"0.5"
"lung_paper_VUILD91LA"	"n"	"1"
"lung_paper_VUILD91LA"	"use.AGAN"	"TRUE"
"lung_paper_VUILD91LA"	"min.percent"	"0"
"lung_paper_VUILD91LA"	"min.cells.sr"	"1"
"lung_paper_VUILD91LA"	"nboot"	"20"
"lung_paper_VUILD91LA"	"seed.use"	"20260831"
"lung_teacher_VUILD91LA"	"engine"	"SpatialESS_CSR_stream"
"lung_teacher_VUILD91LA"	"percentage_filter"	"SpatialCellChat_V3_format_digits1"
"lung_teacher_VUILD91LA"	"ratio"	"1"
"lung_teacher_VUILD91LA"	"tol"	"5"
"lung_teacher_VUILD91LA"	"interaction.range"	"250"
"lung_teacher_VUILD91LA"	"scale.distance"	"0.01"
"lung_teacher_VUILD91LA"	"contact.range"	"10"
"lung_teacher_VUILD91LA"	"Kh"	"0.5"
"lung_teacher_VUILD91LA"	"n"	"1"
"lung_teacher_VUILD91LA"	"use.AGAN"	"TRUE"
"lung_teacher_VUILD91LA"	"min.percent"	"0.1"
"lung_teacher_VUILD91LA"	"min.cells.sr"	"5"
"lung_teacher_VUILD91LA"	"nboot"	"100"
"lung_teacher_VUILD91LA"	"seed.use"	"43"
"lung_paper_VUILD91MA"	"engine"	"SpatialESS_CSR_stream"
"lung_paper_VUILD91MA"	"percentage_filter"	"SpatialCellChat_V3_format_digits1"
"lung_paper_VUILD91MA"	"ratio"	"1"
"lung_paper_VUILD91MA"	"tol"	"5"
"lung_paper_VUILD91MA"	"interaction.range"	"30"
"lung_paper_VUILD91MA"	"scale.distance"	"20"
"lung_paper_VUILD91MA"	"contact.range"	"10"
"lung_paper_VUILD91MA"	"Kh"	"0.5"
"lung_paper_VUILD91MA"	"n"	"1"
"lung_paper_VUILD91MA"	"use.AGAN"	"TRUE"
"lung_paper_VUILD91MA"	"min.percent"	"0"
"lung_paper_VUILD91MA"	"min.cells.sr"	"1"
"lung_paper_VUILD91MA"	"nboot"	"20"
"lung_paper_VUILD91MA"	"seed.use"	"20260831"
"lung_teacher_VUILD91MA"	"engine"	"SpatialESS_CSR_stream"
"lung_teacher_VUILD91MA"	"percentage_filter"	"SpatialCellChat_V3_format_digits1"
"lung_teacher_VUILD91MA"	"ratio"	"1"
"lung_teacher_VUILD91MA"	"tol"	"5"
"lung_teacher_VUILD91MA"	"interaction.range"	"250"
"lung_teacher_VUILD91MA"	"scale.distance"	"0.01"
"lung_teacher_VUILD91MA"	"contact.range"	"10"
"lung_teacher_VUILD91MA"	"Kh"	"0.5"
"lung_teacher_VUILD91MA"	"n"	"1"
"lung_teacher_VUILD91MA"	"use.AGAN"	"TRUE"
"lung_teacher_VUILD91MA"	"min.percent"	"0.1"
"lung_teacher_VUILD91MA"	"min.cells.sr"	"5"
"lung_teacher_VUILD91MA"	"nboot"	"100"
"lung_teacher_VUILD91MA"	"seed.use"	"44"
"lung_paper_VUILD96LA"	"engine"	"SpatialESS_CSR_stream"
"lung_paper_VUILD96LA"	"percentage_filter"	"SpatialCellChat_V3_format_digits1"
"lung_paper_VUILD96LA"	"ratio"	"1"
"lung_paper_VUILD96LA"	"tol"	"5"
"lung_paper_VUILD96LA"	"interaction.range"	"30"
"lung_paper_VUILD96LA"	"scale.distance"	"20"
"lung_paper_VUILD96LA"	"contact.range"	"10"
"lung_paper_VUILD96LA"	"Kh"	"0.5"
"lung_paper_VUILD96LA"	"n"	"1"
"lung_paper_VUILD96LA"	"use.AGAN"	"TRUE"
"lung_paper_VUILD96LA"	"min.percent"	"0"
"lung_paper_VUILD96LA"	"min.cells.sr"	"1"
"lung_paper_VUILD96LA"	"nboot"	"20"
"lung_paper_VUILD96LA"	"seed.use"	"20260831"
"lung_teacher_VUILD96LA"	"engine"	"SpatialESS_CSR_stream"
"lung_teacher_VUILD96LA"	"percentage_filter"	"SpatialCellChat_V3_format_digits1"
"lung_teacher_VUILD96LA"	"ratio"	"1"
"lung_teacher_VUILD96LA"	"tol"	"5"
"lung_teacher_VUILD96LA"	"interaction.range"	"250"
"lung_teacher_VUILD96LA"	"scale.distance"	"0.01"
"lung_teacher_VUILD96LA"	"contact.range"	"10"
"lung_teacher_VUILD96LA"	"Kh"	"0.5"
"lung_teacher_VUILD96LA"	"n"	"1"
"lung_teacher_VUILD96LA"	"use.AGAN"	"TRUE"
"lung_teacher_VUILD96LA"	"min.percent"	"0.1"
"lung_teacher_VUILD96LA"	"min.cells.sr"	"5"
"lung_teacher_VUILD96LA"	"nboot"	"100"
"lung_teacher_VUILD96LA"	"seed.use"	"45"
"lung_paper_VUILD96MA"	"engine"	"SpatialESS_CSR_stream"
"lung_paper_VUILD96MA"	"percentage_filter"	"SpatialCellChat_V3_format_digits1"
"lung_paper_VUILD96MA"	"ratio"	"1"
"lung_paper_VUILD96MA"	"tol"	"5"
"lung_paper_VUILD96MA"	"interaction.range"	"30"
"lung_paper_VUILD96MA"	"scale.distance"	"20"
"lung_paper_VUILD96MA"	"contact.range"	"10"
"lung_paper_VUILD96MA"	"Kh"	"0.5"
"lung_paper_VUILD96MA"	"n"	"1"
"lung_paper_VUILD96MA"	"use.AGAN"	"TRUE"
"lung_paper_VUILD96MA"	"min.percent"	"0"
"lung_paper_VUILD96MA"	"min.cells.sr"	"1"
"lung_paper_VUILD96MA"	"nboot"	"20"
"lung_paper_VUILD96MA"	"seed.use"	"20260831"
"lung_teacher_VUILD96MA"	"engine"	"SpatialESS_CSR_stream"
"lung_teacher_VUILD96MA"	"percentage_filter"	"SpatialCellChat_V3_format_digits1"
"lung_teacher_VUILD96MA"	"ratio"	"1"
"lung_teacher_VUILD96MA"	"tol"	"5"
"lung_teacher_VUILD96MA"	"interaction.range"	"250"
"lung_teacher_VUILD96MA"	"scale.distance"	"0.01"
"lung_teacher_VUILD96MA"	"contact.range"	"10"
"lung_teacher_VUILD96MA"	"Kh"	"0.5"
"lung_teacher_VUILD96MA"	"n"	"1"
"lung_teacher_VUILD96MA"	"use.AGAN"	"TRUE"
"lung_teacher_VUILD96MA"	"min.percent"	"0.1"
"lung_teacher_VUILD96MA"	"min.cells.sr"	"5"
"lung_teacher_VUILD96MA"	"nboot"	"100"
"lung_teacher_VUILD96MA"	"seed.use"	"46"
"lung_signaling_THD0008"	"engine"	"SpatialESS_CSR_stream"
"lung_signaling_THD0008"	"percentage_filter"	"SpatialCellChat_V3_format_digits1"
"lung_signaling_THD0008"	"ratio"	"1"
"lung_signaling_THD0008"	"tol"	"5"
"lung_signaling_THD0008"	"interaction.range"	"30"
"lung_signaling_THD0008"	"scale.distance"	"20"
"lung_signaling_THD0008"	"contact.range"	"10"
"lung_signaling_THD0008"	"Kh"	"0.5"
"lung_signaling_THD0008"	"n"	"1"
"lung_signaling_THD0008"	"use.AGAN"	"TRUE"
"lung_signaling_THD0008"	"min.percent"	"0"
"lung_signaling_THD0008"	"min.cells.sr"	"1"
"lung_signaling_THD0008"	"nboot"	"20"
"lung_signaling_THD0008"	"seed.use"	"20260831"
"lung_signaling_THD0011"	"engine"	"SpatialESS_CSR_stream"
"lung_signaling_THD0011"	"percentage_filter"	"SpatialCellChat_V3_format_digits1"
"lung_signaling_THD0011"	"ratio"	"1"
"lung_signaling_THD0011"	"tol"	"5"
"lung_signaling_THD0011"	"interaction.range"	"30"
"lung_signaling_THD0011"	"scale.distance"	"20"
"lung_signaling_THD0011"	"contact.range"	"10"
"lung_signaling_THD0011"	"Kh"	"0.5"
"lung_signaling_THD0011"	"n"	"1"
"lung_signaling_THD0011"	"use.AGAN"	"TRUE"
"lung_signaling_THD0011"	"min.percent"	"0"
"lung_signaling_THD0011"	"min.cells.sr"	"1"
"lung_signaling_THD0011"	"nboot"	"20"
"lung_signaling_THD0011"	"seed.use"	"20260831"
"lung_signaling_TILD028LA"	"engine"	"SpatialESS_CSR_stream"
"lung_signaling_TILD028LA"	"percentage_filter"	"SpatialCellChat_V3_format_digits1"
"lung_signaling_TILD028LA"	"ratio"	"1"
"lung_signaling_TILD028LA"	"tol"	"5"
"lung_signaling_TILD028LA"	"interaction.range"	"30"
"lung_signaling_TILD028LA"	"scale.distance"	"20"
"lung_signaling_TILD028LA"	"contact.range"	"10"
"lung_signaling_TILD028LA"	"Kh"	"0.5"
"lung_signaling_TILD028LA"	"n"	"1"
"lung_signaling_TILD028LA"	"use.AGAN"	"TRUE"
"lung_signaling_TILD028LA"	"min.percent"	"0"
"lung_signaling_TILD028LA"	"min.cells.sr"	"1"
"lung_signaling_TILD028LA"	"nboot"	"20"
"lung_signaling_TILD028LA"	"seed.use"	"20260831"
"lung_signaling_TILD049MA"	"engine"	"SpatialESS_CSR_stream"
"lung_signaling_TILD049MA"	"percentage_filter"	"SpatialCellChat_V3_format_digits1"
"lung_signaling_TILD049MA"	"ratio"	"1"
"lung_signaling_TILD049MA"	"tol"	"5"
"lung_signaling_TILD049MA"	"interaction.range"	"30"
"lung_signaling_TILD049MA"	"scale.distance"	"20"
"lung_signaling_TILD049MA"	"contact.range"	"10"
"lung_signaling_TILD049MA"	"Kh"	"0.5"
"lung_signaling_TILD049MA"	"n"	"1"
"lung_signaling_TILD049MA"	"use.AGAN"	"TRUE"
"lung_signaling_TILD049MA"	"min.percent"	"0"
"lung_signaling_TILD049MA"	"min.cells.sr"	"1"
"lung_signaling_TILD049MA"	"nboot"	"20"
"lung_signaling_TILD049MA"	"seed.use"	"20260831"
"lung_signaling_TILD080LA"	"engine"	"SpatialESS_CSR_stream"
"lung_signaling_TILD080LA"	"percentage_filter"	"SpatialCellChat_V3_format_digits1"
"lung_signaling_TILD080LA"	"ratio"	"1"
"lung_signaling_TILD080LA"	"tol"	"5"
"lung_signaling_TILD080LA"	"interaction.range"	"30"
"lung_signaling_TILD080LA"	"scale.distance"	"20"
"lung_signaling_TILD080LA"	"contact.range"	"10"
"lung_signaling_TILD080LA"	"Kh"	"0.5"
"lung_signaling_TILD080LA"	"n"	"1"
"lung_signaling_TILD080LA"	"use.AGAN"	"TRUE"
"lung_signaling_TILD080LA"	"min.percent"	"0"
"lung_signaling_TILD080LA"	"min.cells.sr"	"1"
"lung_signaling_TILD080LA"	"nboot"	"20"
"lung_signaling_TILD080LA"	"seed.use"	"20260831"
"lung_signaling_TILD111LA"	"engine"	"SpatialESS_CSR_stream"
"lung_signaling_TILD111LA"	"percentage_filter"	"SpatialCellChat_V3_format_digits1"
"lung_signaling_TILD111LA"	"ratio"	"1"
"lung_signaling_TILD111LA"	"tol"	"5"
"lung_signaling_TILD111LA"	"interaction.range"	"30"
"lung_signaling_TILD111LA"	"scale.distance"	"20"
"lung_signaling_TILD111LA"	"contact.range"	"10"
"lung_signaling_TILD111LA"	"Kh"	"0.5"
"lung_signaling_TILD111LA"	"n"	"1"
"lung_signaling_TILD111LA"	"use.AGAN"	"TRUE"
"lung_signaling_TILD111LA"	"min.percent"	"0"
"lung_signaling_TILD111LA"	"min.cells.sr"	"1"
"lung_signaling_TILD111LA"	"nboot"	"20"
"lung_signaling_TILD111LA"	"seed.use"	"20260831"
"lung_signaling_TILD113LA"	"engine"	"SpatialESS_CSR_stream"
"lung_signaling_TILD113LA"	"percentage_filter"	"SpatialCellChat_V3_format_digits1"
"lung_signaling_TILD113LA"	"ratio"	"1"
"lung_signaling_TILD113LA"	"tol"	"5"
"lung_signaling_TILD113LA"	"interaction.range"	"30"
"lung_signaling_TILD113LA"	"scale.distance"	"20"
"lung_signaling_TILD113LA"	"contact.range"	"10"
"lung_signaling_TILD113LA"	"Kh"	"0.5"
"lung_signaling_TILD113LA"	"n"	"1"
"lung_signaling_TILD113LA"	"use.AGAN"	"TRUE"
"lung_signaling_TILD113LA"	"min.percent"	"0"
"lung_signaling_TILD113LA"	"min.cells.sr"	"1"
"lung_signaling_TILD113LA"	"nboot"	"20"
"lung_signaling_TILD113LA"	"seed.use"	"20260831"
"lung_signaling_TILD117LA"	"engine"	"SpatialESS_CSR_stream"
"lung_signaling_TILD117LA"	"percentage_filter"	"SpatialCellChat_V3_format_digits1"
"lung_signaling_TILD117LA"	"ratio"	"1"
"lung_signaling_TILD117LA"	"tol"	"5"
"lung_signaling_TILD117LA"	"interaction.range"	"30"
"lung_signaling_TILD117LA"	"scale.distance"	"20"
"lung_signaling_TILD117LA"	"contact.range"	"10"
"lung_signaling_TILD117LA"	"Kh"	"0.5"
"lung_signaling_TILD117LA"	"n"	"1"
"lung_signaling_TILD117LA"	"use.AGAN"	"TRUE"
"lung_signaling_TILD117LA"	"min.percent"	"0"
"lung_signaling_TILD117LA"	"min.cells.sr"	"1"
"lung_signaling_TILD117LA"	"nboot"	"20"
"lung_signaling_TILD117LA"	"seed.use"	"20260831"
"lung_signaling_TILD117MA1"	"engine"	"SpatialESS_CSR_stream"
"lung_signaling_TILD117MA1"	"percentage_filter"	"SpatialCellChat_V3_format_digits1"
"lung_signaling_TILD117MA1"	"ratio"	"1"
"lung_signaling_TILD117MA1"	"tol"	"5"
"lung_signaling_TILD117MA1"	"interaction.range"	"30"
"lung_signaling_TILD117MA1"	"scale.distance"	"20"
"lung_signaling_TILD117MA1"	"contact.range"	"10"
"lung_signaling_TILD117MA1"	"Kh"	"0.5"
"lung_signaling_TILD117MA1"	"n"	"1"
"lung_signaling_TILD117MA1"	"use.AGAN"	"TRUE"
"lung_signaling_TILD117MA1"	"min.percent"	"0"
"lung_signaling_TILD117MA1"	"min.cells.sr"	"1"
"lung_signaling_TILD117MA1"	"nboot"	"20"
"lung_signaling_TILD117MA1"	"seed.use"	"20260831"
"lung_signaling_TILD117MA2"	"engine"	"SpatialESS_CSR_stream"
"lung_signaling_TILD117MA2"	"percentage_filter"	"SpatialCellChat_V3_format_digits1"
"lung_signaling_TILD117MA2"	"ratio"	"1"
"lung_signaling_TILD117MA2"	"tol"	"5"
"lung_signaling_TILD117MA2"	"interaction.range"	"30"
"lung_signaling_TILD117MA2"	"scale.distance"	"20"
"lung_signaling_TILD117MA2"	"contact.range"	"10"
"lung_signaling_TILD117MA2"	"Kh"	"0.5"
"lung_signaling_TILD117MA2"	"n"	"1"
"lung_signaling_TILD117MA2"	"use.AGAN"	"TRUE"
"lung_signaling_TILD117MA2"	"min.percent"	"0"
"lung_signaling_TILD117MA2"	"min.cells.sr"	"1"
"lung_signaling_TILD117MA2"	"nboot"	"20"
"lung_signaling_TILD117MA2"	"seed.use"	"20260831"
"lung_signaling_TILD130LA"	"engine"	"SpatialESS_CSR_stream"
"lung_signaling_TILD130LA"	"percentage_filter"	"SpatialCellChat_V3_format_digits1"
"lung_signaling_TILD130LA"	"ratio"	"1"
"lung_signaling_TILD130LA"	"tol"	"5"
"lung_signaling_TILD130LA"	"interaction.range"	"30"
"lung_signaling_TILD130LA"	"scale.distance"	"20"
"lung_signaling_TILD130LA"	"contact.range"	"10"
"lung_signaling_TILD130LA"	"Kh"	"0.5"
"lung_signaling_TILD130LA"	"n"	"1"
"lung_signaling_TILD130LA"	"use.AGAN"	"TRUE"
"lung_signaling_TILD130LA"	"min.percent"	"0"
"lung_signaling_TILD130LA"	"min.cells.sr"	"1"
"lung_signaling_TILD130LA"	"nboot"	"20"
"lung_signaling_TILD130LA"	"seed.use"	"20260831"
"lung_signaling_TILD167LA"	"engine"	"SpatialESS_CSR_stream"
"lung_signaling_TILD167LA"	"percentage_filter"	"SpatialCellChat_V3_format_digits1"
"lung_signaling_TILD167LA"	"ratio"	"1"
"lung_signaling_TILD167LA"	"tol"	"5"
"lung_signaling_TILD167LA"	"interaction.range"	"30"
"lung_signaling_TILD167LA"	"scale.distance"	"20"
"lung_signaling_TILD167LA"	"contact.range"	"10"
"lung_signaling_TILD167LA"	"Kh"	"0.5"
"lung_signaling_TILD167LA"	"n"	"1"
"lung_signaling_TILD167LA"	"use.AGAN"	"TRUE"
"lung_signaling_TILD167LA"	"min.percent"	"0"
"lung_signaling_TILD167LA"	"min.cells.sr"	"1"
"lung_signaling_TILD167LA"	"nboot"	"20"
"lung_signaling_TILD167LA"	"seed.use"	"20260831"
"lung_signaling_TILD175MA"	"engine"	"SpatialESS_CSR_stream"
"lung_signaling_TILD175MA"	"percentage_filter"	"SpatialCellChat_V3_format_digits1"
"lung_signaling_TILD175MA"	"ratio"	"1"
"lung_signaling_TILD175MA"	"tol"	"5"
"lung_signaling_TILD175MA"	"interaction.range"	"30"
"lung_signaling_TILD175MA"	"scale.distance"	"20"
"lung_signaling_TILD175MA"	"contact.range"	"10"
"lung_signaling_TILD175MA"	"Kh"	"0.5"
"lung_signaling_TILD175MA"	"n"	"1"
"lung_signaling_TILD175MA"	"use.AGAN"	"TRUE"
"lung_signaling_TILD175MA"	"min.percent"	"0"
"lung_signaling_TILD175MA"	"min.cells.sr"	"1"
"lung_signaling_TILD175MA"	"nboot"	"20"
"lung_signaling_TILD175MA"	"seed.use"	"20260831"
"lung_signaling_TILD299MA"	"engine"	"SpatialESS_CSR_stream"
"lung_signaling_TILD299MA"	"percentage_filter"	"SpatialCellChat_V3_format_digits1"
"lung_signaling_TILD299MA"	"ratio"	"1"
"lung_signaling_TILD299MA"	"tol"	"5"
"lung_signaling_TILD299MA"	"interaction.range"	"30"
"lung_signaling_TILD299MA"	"scale.distance"	"20"
"lung_signaling_TILD299MA"	"contact.range"	"10"
"lung_signaling_TILD299MA"	"Kh"	"0.5"
"lung_signaling_TILD299MA"	"n"	"1"
"lung_signaling_TILD299MA"	"use.AGAN"	"TRUE"
"lung_signaling_TILD299MA"	"min.percent"	"0"
"lung_signaling_TILD299MA"	"min.cells.sr"	"1"
"lung_signaling_TILD299MA"	"nboot"	"20"
"lung_signaling_TILD299MA"	"seed.use"	"20260831"
"lung_signaling_TILD315MA"	"engine"	"SpatialESS_CSR_stream"
"lung_signaling_TILD315MA"	"percentage_filter"	"SpatialCellChat_V3_format_digits1"
"lung_signaling_TILD315MA"	"ratio"	"1"
"lung_signaling_TILD315MA"	"tol"	"5"
"lung_signaling_TILD315MA"	"interaction.range"	"30"
"lung_signaling_TILD315MA"	"scale.distance"	"20"
"lung_signaling_TILD315MA"	"contact.range"	"10"
"lung_signaling_TILD315MA"	"Kh"	"0.5"
"lung_signaling_TILD315MA"	"n"	"1"
"lung_signaling_TILD315MA"	"use.AGAN"	"TRUE"
"lung_signaling_TILD315MA"	"min.percent"	"0"
"lung_signaling_TILD315MA"	"min.cells.sr"	"1"
"lung_signaling_TILD315MA"	"nboot"	"20"
"lung_signaling_TILD315MA"	"seed.use"	"20260831"
"lung_signaling_VUHD038"	"engine"	"SpatialESS_CSR_stream"
"lung_signaling_VUHD038"	"percentage_filter"	"SpatialCellChat_V3_format_digits1"
"lung_signaling_VUHD038"	"ratio"	"1"
"lung_signaling_VUHD038"	"tol"	"5"
"lung_signaling_VUHD038"	"interaction.range"	"30"
"lung_signaling_VUHD038"	"scale.distance"	"20"
"lung_signaling_VUHD038"	"contact.range"	"10"
"lung_signaling_VUHD038"	"Kh"	"0.5"
"lung_signaling_VUHD038"	"n"	"1"
"lung_signaling_VUHD038"	"use.AGAN"	"TRUE"
"lung_signaling_VUHD038"	"min.percent"	"0"
"lung_signaling_VUHD038"	"min.cells.sr"	"1"
"lung_signaling_VUHD038"	"nboot"	"20"
"lung_signaling_VUHD038"	"seed.use"	"20260831"
"lung_signaling_VUHD049"	"engine"	"SpatialESS_CSR_stream"
"lung_signaling_VUHD049"	"percentage_filter"	"SpatialCellChat_V3_format_digits1"
"lung_signaling_VUHD049"	"ratio"	"1"
"lung_signaling_VUHD049"	"tol"	"5"
"lung_signaling_VUHD049"	"interaction.range"	"30"
"lung_signaling_VUHD049"	"scale.distance"	"20"
"lung_signaling_VUHD049"	"contact.range"	"10"
"lung_signaling_VUHD049"	"Kh"	"0.5"
"lung_signaling_VUHD049"	"n"	"1"
"lung_signaling_VUHD049"	"use.AGAN"	"TRUE"
"lung_signaling_VUHD049"	"min.percent"	"0"
"lung_signaling_VUHD049"	"min.cells.sr"	"1"
"lung_signaling_VUHD049"	"nboot"	"20"
"lung_signaling_VUHD049"	"seed.use"	"20260831"
"lung_signaling_VUHD069"	"engine"	"SpatialESS_CSR_stream"
"lung_signaling_VUHD069"	"percentage_filter"	"SpatialCellChat_V3_format_digits1"
"lung_signaling_VUHD069"	"ratio"	"1"
"lung_signaling_VUHD069"	"tol"	"5"
"lung_signaling_VUHD069"	"interaction.range"	"30"
"lung_signaling_VUHD069"	"scale.distance"	"20"
"lung_signaling_VUHD069"	"contact.range"	"10"
"lung_signaling_VUHD069"	"Kh"	"0.5"
"lung_signaling_VUHD069"	"n"	"1"
"lung_signaling_VUHD069"	"use.AGAN"	"TRUE"
"lung_signaling_VUHD069"	"min.percent"	"0"
"lung_signaling_VUHD069"	"min.cells.sr"	"1"
"lung_signaling_VUHD069"	"nboot"	"20"
"lung_signaling_VUHD069"	"seed.use"	"20260831"
"lung_signaling_VUHD090"	"engine"	"SpatialESS_CSR_stream"
"lung_signaling_VUHD090"	"percentage_filter"	"SpatialCellChat_V3_format_digits1"
"lung_signaling_VUHD090"	"ratio"	"1"
"lung_signaling_VUHD090"	"tol"	"5"
"lung_signaling_VUHD090"	"interaction.range"	"30"
"lung_signaling_VUHD090"	"scale.distance"	"20"
"lung_signaling_VUHD090"	"contact.range"	"10"
"lung_signaling_VUHD090"	"Kh"	"0.5"
"lung_signaling_VUHD090"	"n"	"1"
"lung_signaling_VUHD090"	"use.AGAN"	"TRUE"
"lung_signaling_VUHD090"	"min.percent"	"0"
"lung_signaling_VUHD090"	"min.cells.sr"	"1"
"lung_signaling_VUHD090"	"nboot"	"20"
"lung_signaling_VUHD090"	"seed.use"	"20260831"
"lung_signaling_VUHD095"	"engine"	"SpatialESS_CSR_stream"
"lung_signaling_VUHD095"	"percentage_filter"	"SpatialCellChat_V3_format_digits1"
"lung_signaling_VUHD095"	"ratio"	"1"
"lung_signaling_VUHD095"	"tol"	"5"
"lung_signaling_VUHD095"	"interaction.range"	"30"
"lung_signaling_VUHD095"	"scale.distance"	"20"
"lung_signaling_VUHD095"	"contact.range"	"10"
"lung_signaling_VUHD095"	"Kh"	"0.5"
"lung_signaling_VUHD095"	"n"	"1"
"lung_signaling_VUHD095"	"use.AGAN"	"TRUE"
"lung_signaling_VUHD095"	"min.percent"	"0"
"lung_signaling_VUHD095"	"min.cells.sr"	"1"
"lung_signaling_VUHD095"	"nboot"	"20"
"lung_signaling_VUHD095"	"seed.use"	"20260831"
"lung_signaling_VUHD113"	"engine"	"SpatialESS_CSR_stream"
"lung_signaling_VUHD113"	"percentage_filter"	"SpatialCellChat_V3_format_digits1"
"lung_signaling_VUHD113"	"ratio"	"1"
"lung_signaling_VUHD113"	"tol"	"5"
"lung_signaling_VUHD113"	"interaction.range"	"30"
"lung_signaling_VUHD113"	"scale.distance"	"20"
"lung_signaling_VUHD113"	"contact.range"	"10"
"lung_signaling_VUHD113"	"Kh"	"0.5"
"lung_signaling_VUHD113"	"n"	"1"
"lung_signaling_VUHD113"	"use.AGAN"	"TRUE"
"lung_signaling_VUHD113"	"min.percent"	"0"
"lung_signaling_VUHD113"	"min.cells.sr"	"1"
"lung_signaling_VUHD113"	"nboot"	"20"
"lung_signaling_VUHD113"	"seed.use"	"20260831"
"lung_signaling_VUHD116A"	"engine"	"SpatialESS_CSR_stream"
"lung_signaling_VUHD116A"	"percentage_filter"	"SpatialCellChat_V3_format_digits1"
"lung_signaling_VUHD116A"	"ratio"	"1"
"lung_signaling_VUHD116A"	"tol"	"5"
"lung_signaling_VUHD116A"	"interaction.range"	"30"
"lung_signaling_VUHD116A"	"scale.distance"	"20"
"lung_signaling_VUHD116A"	"contact.range"	"10"
"lung_signaling_VUHD116A"	"Kh"	"0.5"
"lung_signaling_VUHD116A"	"n"	"1"
"lung_signaling_VUHD116A"	"use.AGAN"	"TRUE"
"lung_signaling_VUHD116A"	"min.percent"	"0"
"lung_signaling_VUHD116A"	"min.cells.sr"	"1"
"lung_signaling_VUHD116A"	"nboot"	"20"
"lung_signaling_VUHD116A"	"seed.use"	"20260831"
"lung_signaling_VUHD116B"	"engine"	"SpatialESS_CSR_stream"
"lung_signaling_VUHD116B"	"percentage_filter"	"SpatialCellChat_V3_format_digits1"
"lung_signaling_VUHD116B"	"ratio"	"1"
"lung_signaling_VUHD116B"	"tol"	"5"
"lung_signaling_VUHD116B"	"interaction.range"	"30"
"lung_signaling_VUHD116B"	"scale.distance"	"20"
"lung_signaling_VUHD116B"	"contact.range"	"10"
"lung_signaling_VUHD116B"	"Kh"	"0.5"
"lung_signaling_VUHD116B"	"n"	"1"
"lung_signaling_VUHD116B"	"use.AGAN"	"TRUE"
"lung_signaling_VUHD116B"	"min.percent"	"0"
"lung_signaling_VUHD116B"	"min.cells.sr"	"1"
"lung_signaling_VUHD116B"	"nboot"	"20"
"lung_signaling_VUHD116B"	"seed.use"	"20260831"
"lung_signaling_VUILD102LA"	"engine"	"SpatialESS_CSR_stream"
"lung_signaling_VUILD102LA"	"percentage_filter"	"SpatialCellChat_V3_format_digits1"
"lung_signaling_VUILD102LA"	"ratio"	"1"
"lung_signaling_VUILD102LA"	"tol"	"5"
"lung_signaling_VUILD102LA"	"interaction.range"	"30"
"lung_signaling_VUILD102LA"	"scale.distance"	"20"
"lung_signaling_VUILD102LA"	"contact.range"	"10"
"lung_signaling_VUILD102LA"	"Kh"	"0.5"
"lung_signaling_VUILD102LA"	"n"	"1"
"lung_signaling_VUILD102LA"	"use.AGAN"	"TRUE"
"lung_signaling_VUILD102LA"	"min.percent"	"0"
"lung_signaling_VUILD102LA"	"min.cells.sr"	"1"
"lung_signaling_VUILD102LA"	"nboot"	"20"
"lung_signaling_VUILD102LA"	"seed.use"	"20260831"
"lung_signaling_VUILD102MA"	"engine"	"SpatialESS_CSR_stream"
"lung_signaling_VUILD102MA"	"percentage_filter"	"SpatialCellChat_V3_format_digits1"
"lung_signaling_VUILD102MA"	"ratio"	"1"
"lung_signaling_VUILD102MA"	"tol"	"5"
"lung_signaling_VUILD102MA"	"interaction.range"	"30"
"lung_signaling_VUILD102MA"	"scale.distance"	"20"
"lung_signaling_VUILD102MA"	"contact.range"	"10"
"lung_signaling_VUILD102MA"	"Kh"	"0.5"
"lung_signaling_VUILD102MA"	"n"	"1"
"lung_signaling_VUILD102MA"	"use.AGAN"	"TRUE"
"lung_signaling_VUILD102MA"	"min.percent"	"0"
"lung_signaling_VUILD102MA"	"min.cells.sr"	"1"
"lung_signaling_VUILD102MA"	"nboot"	"20"
"lung_signaling_VUILD102MA"	"seed.use"	"20260831"
"lung_signaling_VUILD104MA1"	"engine"	"SpatialESS_CSR_stream"
"lung_signaling_VUILD104MA1"	"percentage_filter"	"SpatialCellChat_V3_format_digits1"
"lung_signaling_VUILD104MA1"	"ratio"	"1"
"lung_signaling_VUILD104MA1"	"tol"	"5"
"lung_signaling_VUILD104MA1"	"interaction.range"	"30"
"lung_signaling_VUILD104MA1"	"scale.distance"	"20"
"lung_signaling_VUILD104MA1"	"contact.range"	"10"
"lung_signaling_VUILD104MA1"	"Kh"	"0.5"
"lung_signaling_VUILD104MA1"	"n"	"1"
"lung_signaling_VUILD104MA1"	"use.AGAN"	"TRUE"
"lung_signaling_VUILD104MA1"	"min.percent"	"0"
"lung_signaling_VUILD104MA1"	"min.cells.sr"	"1"
"lung_signaling_VUILD104MA1"	"nboot"	"20"
"lung_signaling_VUILD104MA1"	"seed.use"	"20260831"
"lung_signaling_VUILD104MA2"	"engine"	"SpatialESS_CSR_stream"
"lung_signaling_VUILD104MA2"	"percentage_filter"	"SpatialCellChat_V3_format_digits1"
"lung_signaling_VUILD104MA2"	"ratio"	"1"
"lung_signaling_VUILD104MA2"	"tol"	"5"
"lung_signaling_VUILD104MA2"	"interaction.range"	"30"
"lung_signaling_VUILD104MA2"	"scale.distance"	"20"
"lung_signaling_VUILD104MA2"	"contact.range"	"10"
"lung_signaling_VUILD104MA2"	"Kh"	"0.5"
"lung_signaling_VUILD104MA2"	"n"	"1"
"lung_signaling_VUILD104MA2"	"use.AGAN"	"TRUE"
"lung_signaling_VUILD104MA2"	"min.percent"	"0"
"lung_signaling_VUILD104MA2"	"min.cells.sr"	"1"
"lung_signaling_VUILD104MA2"	"nboot"	"20"
"lung_signaling_VUILD104MA2"	"seed.use"	"20260831"
"lung_signaling_VUILD105MA1"	"engine"	"SpatialESS_CSR_stream"
"lung_signaling_VUILD105MA1"	"percentage_filter"	"SpatialCellChat_V3_format_digits1"
"lung_signaling_VUILD105MA1"	"ratio"	"1"
"lung_signaling_VUILD105MA1"	"tol"	"5"
"lung_signaling_VUILD105MA1"	"interaction.range"	"30"
"lung_signaling_VUILD105MA1"	"scale.distance"	"20"
"lung_signaling_VUILD105MA1"	"contact.range"	"10"
"lung_signaling_VUILD105MA1"	"Kh"	"0.5"
"lung_signaling_VUILD105MA1"	"n"	"1"
"lung_signaling_VUILD105MA1"	"use.AGAN"	"TRUE"
"lung_signaling_VUILD105MA1"	"min.percent"	"0"
"lung_signaling_VUILD105MA1"	"min.cells.sr"	"1"
"lung_signaling_VUILD105MA1"	"nboot"	"20"
"lung_signaling_VUILD105MA1"	"seed.use"	"20260831"
"lung_signaling_VUILD105MA2"	"engine"	"SpatialESS_CSR_stream"
"lung_signaling_VUILD105MA2"	"percentage_filter"	"SpatialCellChat_V3_format_digits1"
"lung_signaling_VUILD105MA2"	"ratio"	"1"
"lung_signaling_VUILD105MA2"	"tol"	"5"
"lung_signaling_VUILD105MA2"	"interaction.range"	"30"
"lung_signaling_VUILD105MA2"	"scale.distance"	"20"
"lung_signaling_VUILD105MA2"	"contact.range"	"10"
"lung_signaling_VUILD105MA2"	"Kh"	"0.5"
"lung_signaling_VUILD105MA2"	"n"	"1"
"lung_signaling_VUILD105MA2"	"use.AGAN"	"TRUE"
"lung_signaling_VUILD105MA2"	"min.percent"	"0"
"lung_signaling_VUILD105MA2"	"min.cells.sr"	"1"
"lung_signaling_VUILD105MA2"	"nboot"	"20"
"lung_signaling_VUILD105MA2"	"seed.use"	"20260831"
"lung_signaling_VUILD106MA"	"engine"	"SpatialESS_CSR_stream"
"lung_signaling_VUILD106MA"	"percentage_filter"	"SpatialCellChat_V3_format_digits1"
"lung_signaling_VUILD106MA"	"ratio"	"1"
"lung_signaling_VUILD106MA"	"tol"	"5"
"lung_signaling_VUILD106MA"	"interaction.range"	"30"
"lung_signaling_VUILD106MA"	"scale.distance"	"20"
"lung_signaling_VUILD106MA"	"contact.range"	"10"
"lung_signaling_VUILD106MA"	"Kh"	"0.5"
"lung_signaling_VUILD106MA"	"n"	"1"
"lung_signaling_VUILD106MA"	"use.AGAN"	"TRUE"
"lung_signaling_VUILD106MA"	"min.percent"	"0"
"lung_signaling_VUILD106MA"	"min.cells.sr"	"1"
"lung_signaling_VUILD106MA"	"nboot"	"20"
"lung_signaling_VUILD106MA"	"seed.use"	"20260831"
"lung_signaling_VUILD107MA"	"engine"	"SpatialESS_CSR_stream"
"lung_signaling_VUILD107MA"	"percentage_filter"	"SpatialCellChat_V3_format_digits1"
"lung_signaling_VUILD107MA"	"ratio"	"1"
"lung_signaling_VUILD107MA"	"tol"	"5"
"lung_signaling_VUILD107MA"	"interaction.range"	"30"
"lung_signaling_VUILD107MA"	"scale.distance"	"20"
"lung_signaling_VUILD107MA"	"contact.range"	"10"
"lung_signaling_VUILD107MA"	"Kh"	"0.5"
"lung_signaling_VUILD107MA"	"n"	"1"
"lung_signaling_VUILD107MA"	"use.AGAN"	"TRUE"
"lung_signaling_VUILD107MA"	"min.percent"	"0"
"lung_signaling_VUILD107MA"	"min.cells.sr"	"1"
"lung_signaling_VUILD107MA"	"nboot"	"20"
"lung_signaling_VUILD107MA"	"seed.use"	"20260831"
"lung_signaling_VUILD110LA"	"engine"	"SpatialESS_CSR_stream"
"lung_signaling_VUILD110LA"	"percentage_filter"	"SpatialCellChat_V3_format_digits1"
"lung_signaling_VUILD110LA"	"ratio"	"1"
"lung_signaling_VUILD110LA"	"tol"	"5"
"lung_signaling_VUILD110LA"	"interaction.range"	"30"
"lung_signaling_VUILD110LA"	"scale.distance"	"20"
"lung_signaling_VUILD110LA"	"contact.range"	"10"
"lung_signaling_VUILD110LA"	"Kh"	"0.5"
"lung_signaling_VUILD110LA"	"n"	"1"
"lung_signaling_VUILD110LA"	"use.AGAN"	"TRUE"
"lung_signaling_VUILD110LA"	"min.percent"	"0"
"lung_signaling_VUILD110LA"	"min.cells.sr"	"1"
"lung_signaling_VUILD110LA"	"nboot"	"20"
"lung_signaling_VUILD110LA"	"seed.use"	"20260831"
"lung_signaling_VUILD115MA"	"engine"	"SpatialESS_CSR_stream"
"lung_signaling_VUILD115MA"	"percentage_filter"	"SpatialCellChat_V3_format_digits1"
"lung_signaling_VUILD115MA"	"ratio"	"1"
"lung_signaling_VUILD115MA"	"tol"	"5"
"lung_signaling_VUILD115MA"	"interaction.range"	"30"
"lung_signaling_VUILD115MA"	"scale.distance"	"20"
"lung_signaling_VUILD115MA"	"contact.range"	"10"
"lung_signaling_VUILD115MA"	"Kh"	"0.5"
"lung_signaling_VUILD115MA"	"n"	"1"
"lung_signaling_VUILD115MA"	"use.AGAN"	"TRUE"
"lung_signaling_VUILD115MA"	"min.percent"	"0"
"lung_signaling_VUILD115MA"	"min.cells.sr"	"1"
"lung_signaling_VUILD115MA"	"nboot"	"20"
"lung_signaling_VUILD115MA"	"seed.use"	"20260831"
"lung_signaling_VUILD141MA"	"engine"	"SpatialESS_CSR_stream"
"lung_signaling_VUILD141MA"	"percentage_filter"	"SpatialCellChat_V3_format_digits1"
"lung_signaling_VUILD141MA"	"ratio"	"1"
"lung_signaling_VUILD141MA"	"tol"	"5"
"lung_signaling_VUILD141MA"	"interaction.range"	"30"
"lung_signaling_VUILD141MA"	"scale.distance"	"20"
"lung_signaling_VUILD141MA"	"contact.range"	"10"
"lung_signaling_VUILD141MA"	"Kh"	"0.5"
"lung_signaling_VUILD141MA"	"n"	"1"
"lung_signaling_VUILD141MA"	"use.AGAN"	"TRUE"
"lung_signaling_VUILD141MA"	"min.percent"	"0"
"lung_signaling_VUILD141MA"	"min.cells.sr"	"1"
"lung_signaling_VUILD141MA"	"nboot"	"20"
"lung_signaling_VUILD141MA"	"seed.use"	"20260831"
"lung_signaling_VUILD142MA"	"engine"	"SpatialESS_CSR_stream"
"lung_signaling_VUILD142MA"	"percentage_filter"	"SpatialCellChat_V3_format_digits1"
"lung_signaling_VUILD142MA"	"ratio"	"1"
"lung_signaling_VUILD142MA"	"tol"	"5"
"lung_signaling_VUILD142MA"	"interaction.range"	"30"
"lung_signaling_VUILD142MA"	"scale.distance"	"20"
"lung_signaling_VUILD142MA"	"contact.range"	"10"
"lung_signaling_VUILD142MA"	"Kh"	"0.5"
"lung_signaling_VUILD142MA"	"n"	"1"
"lung_signaling_VUILD142MA"	"use.AGAN"	"TRUE"
"lung_signaling_VUILD142MA"	"min.percent"	"0"
"lung_signaling_VUILD142MA"	"min.cells.sr"	"1"
"lung_signaling_VUILD142MA"	"nboot"	"20"
"lung_signaling_VUILD142MA"	"seed.use"	"20260831"
"lung_signaling_VUILD48LA1"	"engine"	"SpatialESS_CSR_stream"
"lung_signaling_VUILD48LA1"	"percentage_filter"	"SpatialCellChat_V3_format_digits1"
"lung_signaling_VUILD48LA1"	"ratio"	"1"
"lung_signaling_VUILD48LA1"	"tol"	"5"
"lung_signaling_VUILD48LA1"	"interaction.range"	"30"
"lung_signaling_VUILD48LA1"	"scale.distance"	"20"
"lung_signaling_VUILD48LA1"	"contact.range"	"10"
"lung_signaling_VUILD48LA1"	"Kh"	"0.5"
"lung_signaling_VUILD48LA1"	"n"	"1"
"lung_signaling_VUILD48LA1"	"use.AGAN"	"TRUE"
"lung_signaling_VUILD48LA1"	"min.percent"	"0"
"lung_signaling_VUILD48LA1"	"min.cells.sr"	"1"
"lung_signaling_VUILD48LA1"	"nboot"	"20"
"lung_signaling_VUILD48LA1"	"seed.use"	"20260831"
"lung_signaling_VUILD48LA2"	"engine"	"SpatialESS_CSR_stream"
"lung_signaling_VUILD48LA2"	"percentage_filter"	"SpatialCellChat_V3_format_digits1"
"lung_signaling_VUILD48LA2"	"ratio"	"1"
"lung_signaling_VUILD48LA2"	"tol"	"5"
"lung_signaling_VUILD48LA2"	"interaction.range"	"30"
"lung_signaling_VUILD48LA2"	"scale.distance"	"20"
"lung_signaling_VUILD48LA2"	"contact.range"	"10"
"lung_signaling_VUILD48LA2"	"Kh"	"0.5"
"lung_signaling_VUILD48LA2"	"n"	"1"
"lung_signaling_VUILD48LA2"	"use.AGAN"	"TRUE"
"lung_signaling_VUILD48LA2"	"min.percent"	"0"
"lung_signaling_VUILD48LA2"	"min.cells.sr"	"1"
"lung_signaling_VUILD48LA2"	"nboot"	"20"
"lung_signaling_VUILD48LA2"	"seed.use"	"20260831"
"lung_signaling_VUILD49LA"	"engine"	"SpatialESS_CSR_stream"
"lung_signaling_VUILD49LA"	"percentage_filter"	"SpatialCellChat_V3_format_digits1"
"lung_signaling_VUILD49LA"	"ratio"	"1"
"lung_signaling_VUILD49LA"	"tol"	"5"
"lung_signaling_VUILD49LA"	"interaction.range"	"30"
"lung_signaling_VUILD49LA"	"scale.distance"	"20"
"lung_signaling_VUILD49LA"	"contact.range"	"10"
"lung_signaling_VUILD49LA"	"Kh"	"0.5"
"lung_signaling_VUILD49LA"	"n"	"1"
"lung_signaling_VUILD49LA"	"use.AGAN"	"TRUE"
"lung_signaling_VUILD49LA"	"min.percent"	"0"
"lung_signaling_VUILD49LA"	"min.cells.sr"	"1"
"lung_signaling_VUILD49LA"	"nboot"	"20"
"lung_signaling_VUILD49LA"	"seed.use"	"20260831"
"lung_signaling_VUILD58MA"	"engine"	"SpatialESS_CSR_stream"
"lung_signaling_VUILD58MA"	"percentage_filter"	"SpatialCellChat_V3_format_digits1"
"lung_signaling_VUILD58MA"	"ratio"	"1"
"lung_signaling_VUILD58MA"	"tol"	"5"
"lung_signaling_VUILD58MA"	"interaction.range"	"30"
"lung_signaling_VUILD58MA"	"scale.distance"	"20"
"lung_signaling_VUILD58MA"	"contact.range"	"10"
"lung_signaling_VUILD58MA"	"Kh"	"0.5"
"lung_signaling_VUILD58MA"	"n"	"1"
"lung_signaling_VUILD58MA"	"use.AGAN"	"TRUE"
"lung_signaling_VUILD58MA"	"min.percent"	"0"
"lung_signaling_VUILD58MA"	"min.cells.sr"	"1"
"lung_signaling_VUILD58MA"	"nboot"	"20"
"lung_signaling_VUILD58MA"	"seed.use"	"20260831"
"lung_signaling_VUILD78LA"	"engine"	"SpatialESS_CSR_stream"
"lung_signaling_VUILD78LA"	"percentage_filter"	"SpatialCellChat_V3_format_digits1"
"lung_signaling_VUILD78LA"	"ratio"	"1"
"lung_signaling_VUILD78LA"	"tol"	"5"
"lung_signaling_VUILD78LA"	"interaction.range"	"30"
"lung_signaling_VUILD78LA"	"scale.distance"	"20"
"lung_signaling_VUILD78LA"	"contact.range"	"10"
"lung_signaling_VUILD78LA"	"Kh"	"0.5"
"lung_signaling_VUILD78LA"	"n"	"1"
"lung_signaling_VUILD78LA"	"use.AGAN"	"TRUE"
"lung_signaling_VUILD78LA"	"min.percent"	"0"
"lung_signaling_VUILD78LA"	"min.cells.sr"	"1"
"lung_signaling_VUILD78LA"	"nboot"	"20"
"lung_signaling_VUILD78LA"	"seed.use"	"20260831"
"lung_signaling_VUILD78MA"	"engine"	"SpatialESS_CSR_stream"
"lung_signaling_VUILD78MA"	"percentage_filter"	"SpatialCellChat_V3_format_digits1"
"lung_signaling_VUILD78MA"	"ratio"	"1"
"lung_signaling_VUILD78MA"	"tol"	"5"
"lung_signaling_VUILD78MA"	"interaction.range"	"30"
"lung_signaling_VUILD78MA"	"scale.distance"	"20"
"lung_signaling_VUILD78MA"	"contact.range"	"10"
"lung_signaling_VUILD78MA"	"Kh"	"0.5"
"lung_signaling_VUILD78MA"	"n"	"1"
"lung_signaling_VUILD78MA"	"use.AGAN"	"TRUE"
"lung_signaling_VUILD78MA"	"min.percent"	"0"
"lung_signaling_VUILD78MA"	"min.cells.sr"	"1"
"lung_signaling_VUILD78MA"	"nboot"	"20"
"lung_signaling_VUILD78MA"	"seed.use"	"20260831"
"lung_signaling_VUILD91LA"	"engine"	"SpatialESS_CSR_stream"
"lung_signaling_VUILD91LA"	"percentage_filter"	"SpatialCellChat_V3_format_digits1"
"lung_signaling_VUILD91LA"	"ratio"	"1"
"lung_signaling_VUILD91LA"	"tol"	"5"
"lung_signaling_VUILD91LA"	"interaction.range"	"30"
"lung_signaling_VUILD91LA"	"scale.distance"	"20"
"lung_signaling_VUILD91LA"	"contact.range"	"10"
"lung_signaling_VUILD91LA"	"Kh"	"0.5"
"lung_signaling_VUILD91LA"	"n"	"1"
"lung_signaling_VUILD91LA"	"use.AGAN"	"TRUE"
"lung_signaling_VUILD91LA"	"min.percent"	"0"
"lung_signaling_VUILD91LA"	"min.cells.sr"	"1"
"lung_signaling_VUILD91LA"	"nboot"	"20"
"lung_signaling_VUILD91LA"	"seed.use"	"20260831"
"lung_signaling_VUILD91MA"	"engine"	"SpatialESS_CSR_stream"
"lung_signaling_VUILD91MA"	"percentage_filter"	"SpatialCellChat_V3_format_digits1"
"lung_signaling_VUILD91MA"	"ratio"	"1"
"lung_signaling_VUILD91MA"	"tol"	"5"
"lung_signaling_VUILD91MA"	"interaction.range"	"30"
"lung_signaling_VUILD91MA"	"scale.distance"	"20"
"lung_signaling_VUILD91MA"	"contact.range"	"10"
"lung_signaling_VUILD91MA"	"Kh"	"0.5"
"lung_signaling_VUILD91MA"	"n"	"1"
"lung_signaling_VUILD91MA"	"use.AGAN"	"TRUE"
"lung_signaling_VUILD91MA"	"min.percent"	"0"
"lung_signaling_VUILD91MA"	"min.cells.sr"	"1"
"lung_signaling_VUILD91MA"	"nboot"	"20"
"lung_signaling_VUILD91MA"	"seed.use"	"20260831"
"lung_signaling_VUILD96LA"	"engine"	"SpatialESS_CSR_stream"
"lung_signaling_VUILD96LA"	"percentage_filter"	"SpatialCellChat_V3_format_digits1"
"lung_signaling_VUILD96LA"	"ratio"	"1"
"lung_signaling_VUILD96LA"	"tol"	"5"
"lung_signaling_VUILD96LA"	"interaction.range"	"30"
"lung_signaling_VUILD96LA"	"scale.distance"	"20"
"lung_signaling_VUILD96LA"	"contact.range"	"10"
"lung_signaling_VUILD96LA"	"Kh"	"0.5"
"lung_signaling_VUILD96LA"	"n"	"1"
"lung_signaling_VUILD96LA"	"use.AGAN"	"TRUE"
"lung_signaling_VUILD96LA"	"min.percent"	"0"
"lung_signaling_VUILD96LA"	"min.cells.sr"	"1"
"lung_signaling_VUILD96LA"	"nboot"	"20"
"lung_signaling_VUILD96LA"	"seed.use"	"20260831"
"lung_signaling_VUILD96MA"	"engine"	"SpatialESS_CSR_stream"
"lung_signaling_VUILD96MA"	"percentage_filter"	"SpatialCellChat_V3_format_digits1"
"lung_signaling_VUILD96MA"	"ratio"	"1"
"lung_signaling_VUILD96MA"	"tol"	"5"
"lung_signaling_VUILD96MA"	"interaction.range"	"30"
"lung_signaling_VUILD96MA"	"scale.distance"	"20"
"lung_signaling_VUILD96MA"	"contact.range"	"10"
"lung_signaling_VUILD96MA"	"Kh"	"0.5"
"lung_signaling_VUILD96MA"	"n"	"1"
"lung_signaling_VUILD96MA"	"use.AGAN"	"TRUE"
"lung_signaling_VUILD96MA"	"min.percent"	"0"
"lung_signaling_VUILD96MA"	"min.cells.sr"	"1"
"lung_signaling_VUILD96MA"	"nboot"	"20"
"lung_signaling_VUILD96MA"	"seed.use"	"20260831"
